Diseases,TB,,,,,,,,,,,,,,Malaria,,,,,,,,,,,,,,HIV,,,,,,,,,,,Roundworm,,,Hookworm,,Whipworm,,,Schistosomiasis,Onchocerciasis,LF,,
Companies,F. Hoffmann-La Roche Ltd,Pfizer Inc.,Sanofi,Merck,Merck,Pfizer Inc.,Pfizer Inc.,Pfizer Inc.,Bristol-Myers Squibb,Eli Lilly and Company,Daiichi Sankyo,Bayer Healthcare,"Kyorin Pharmaceutical Co., Ltd.",Daiichi Sankyo,Novartis,"Guilin Pharmaceutical Co., Ltd.",Artepharm,Sanofi,Sanofi,Sanofi,Sanofi,Sanofi,GlaxoSmithKline,Bayer Healthcare,Sanofi,Chongqing Holley Pharmaceutical Co. Ltd and Sigma Tau Industrie Farmaceutiche,Taisho Pharmaceuticals,Pfizer Inc.,Shire Pharmaceuticals,GlaxoSmithKline,GlaxoSmithKline,Bristol-Myers Squibb,Bristol-Myers Squibb,Merck,"Gilead Sciences, Inc.",Abbott Laboratories,Boehringer Ingelheim,Bristol-Myers Squibb,"Gilead Sciences, Inc.",GlaxoSmithKline,Johnson and Johnson,Merck,GlaxoSmithKline,Johnson and Johnson,GlaxoSmithKline,Johnson and Johnson,Merck,Bayer Healthcare,Merck,GlaxoSmithKline,Merck,Pfizer Inc.
Drugs,Isoniazid (H or INH),Ethambutol (E or EMB),RIfampicin (R or RMP),Pyrazinamide (Z or PZA),Streptomycin (S or STR),Ethionamide (Eto),p-aminosalicylic acid (PAS),Cycloserine (Cs),Amikacin (Amk),Capreomycin (Cm),Levofloxacin (Lfx),Moxifloxacin (Mfx),Gatifloxacin (Gfx),Ofloxacin (Ofx),Artemether-Lumefantrine (AL),Artemether (AM),Artemisinin + Piperaquine (ART + PPQ),Artesunate + Amodiaquine + Primaquine (AS + AQ + PQ),Artesunate/Amodiaquine (AS + AQ),Artesunate + Mefloquine + Primaquine (AS + MQ + PQ),Artesunate / Sulfadoxine-pyrimethamine (AS + SP),Artesunate + Sulfadoxine + Primaquine (AS + SP + PQ),Atovaquone + Proguanil (AT + PG),Chloroquine (CQ),Chloroquine + Primaquine (CQ + PQ),DHA-Piperaquine (DHA-PPQ),Clarithromycin (CL),Doxycycline (D),Lamivudine (3TC),Abacavir (ABC),Zidovudine (AZT),Didanosine (ddl),Stavudine (d4t),Efavirenz (EFV),Emtricitabine (FTC),Lopinavir / Ritonavir (LPV/r),Nevirapine (NVP),Atazanafir/Ritonavir (ATV/r),Tenofovir (TDF),Albendazole (ALB),Mebendazole (MBD),Ivermectin (IVM),Albendazole (ALB),Mebendazole (MBD),Albendazole (ALB),Mebendazole (MBD),Ivermectin (IVM),Praziquantel (PZQ),Ivermectin (IVM),Albendazole (ALB),Ivermectin (IVM),Diethylcarbamazine (DEC)
Total,8470126.906,8470126.906,8470126.906,8656522.202,202077.1975,408292.8242,408292.8242,434616.7275,8774.634444,8774.634444,414873.8,6580.975833,6580.975833,6580.975833,12927646.01,9019.564994,14.16167654,3.864600654,9265515.674,3.864600654,65301.25061,461346.9352,0,198214.3912,368865.5247,32372.07068,1299.443622,1579.815452,726553.5729,62804.2883,322247.2746,1784.810507,9174.832523,444912.2859,146759.5017,85896.65593,336061.6719,7984.305819,495557.5137,280520.3241,7576.781277,113182.1315,24225.94591,3360.119047,6784.3536,1850.987684,2086.220951,114408.2062,2790.643018,2484.028959,2238.639466,245.3894933
,,,,,,,,,,,,,,,,,,,,,,,,,,,,,,,,,,,,,,,,,,,,,,,,,,,,
Afghanistan,41062.28493,41062.28493,41062.28493,42726.85379,1692.612966,2382.024302,2382.024302,2540.318571,52.76475636,52.76475636,2421.597869,39.57356727,39.57356727,39.57356727,0,0,0,0,0,0,0,1719.978153,0,16317.71815,32635.43629,0,0,0,35.66780209,3.483114137,15.83156254,0.102642227,0.523835752,21.36337968,7.057697955,4.612259383,16.42590132,0.412628284,23.74915871,0,0,0,0,0,0,0,0,0,0,0,0,0
Albania,82.10861674,82.10861674,82.10861674,83.89168298,1.825718278,2.436248102,2.436248102,2.598987241,0.05424638,0.05424638,2.476932887,0.040684785,0.040684785,0.040684785,0,0,0,0,0,0,0,0,0,0,0,0,0,0,0,0,0,0,0,0,0,0,0,0,0,0,0,0,0,0,0,0,0,0,0,0,0,0
Algeria,12878.94964,12878.94964,12878.94964,13075.67795,199.8948837,239.8856095,239.8856095,256.1306354,5.41500864,5.41500864,243.9468659,4.06125648,4.06125648,4.06125648,0,0,0,0,0,0,0,0,0,0,0,0,0,0,186.1668323,3.71423875,70.80180194,0.088267037,0.455925404,140.0148999,49.1322222,15.75486505,77.09206589,2.513475486,164.9928191,0,0,0,0,0,0,0,0,0,0,0,0,0
American Samoa,6.885215974,6.885215974,6.885215974,6.885215974,0,0,0,0,0,0,0,0,0,0,0,0,0,0,0,0,0,0,0,0,0,0,0,0,0,0,0,0,0,0,0,0,0,0,0,0,0,0,0,0,0,0,0,0,0,0,0,0
Andorra,2.009567814,2.009567814,2.009567814,2.009567814,0,0,0,0.00398296,0.001327653,0.001327653,0.00099574,0.00099574,0.00099574,0.00099574,0,0,0,0,0,0,0,0,0,0,0,0,0,0,0.176926889,0.000705924,0.065802484,0,0,0.136883136,0.049825721,0.014843239,0.07224948,0.002776754,0.165287266,0,0,0,0,0,0,0,0,0,0,0,0,0
Angola,71185.98757,71185.98757,71185.98757,71185.98757,0,0,0,0,0,0,0,0,0,0,253448.857,0,0,0,0,0,0,0,0,0,0,0,0,0,1085.331064,84.82324472,466.4270296,2.455044855,12.55246681,689.470875,232.3995389,128.1310753,489.156981,13.0924953,780.4091668,0,0,0,0,0,0,0,0,192.2244657,1.246220016,42.33298667,42.33298667,0
Anguilla,0,0,0,0,0,0,0,0,0,0,0,0,0,0,0,0,0,0,0,0,0,0,0,0,0,0,0,0,0,0,0,0,0,0,0,0,0,0,0,0,0,0,0,0,0,0,0,0,0,0,0,0
Antigua and Barbuda,5.696154924,5.696154924,5.696154924,5.696154924,0,0,0,0,0,0,0,0,0,0,0,0,0,0,0,0,0,0,0,0,0,0,0,0,0.826518226,0.003297743,0.307397892,0,0,0.639452871,0.232762056,0.06934055,0.337515187,0.012971674,0.772143445,0,0,0,0,0,0,0,0,0,0,0,0,0
Argentina,4401.788399,4401.788399,4401.788399,4437.981225,40.84835052,82.17660288,82.17660288,87.4158786,1.746425239,1.746425239,83.48642181,1.309818929,1.309818929,1.309818929,0,0,0,0,0,0,0,0,0,0,0,0,0,0,3783.17524,122.2568016,1502.665107,3.136901173,16.20302415,2719.586642,953.9801015,350.7388265,1618.611918,50.92785033,3192.017671,0,0,0,0,0,0,0,0,0,0,0,0,0
Armenia,822.1670879,822.1670879,822.1670879,861.9910112,41.80266264,64.83745574,64.83745574,69.08888354,1.4171426,1.4171426,65.90031269,1.06285695,1.06285695,1.06285695,0,0,0,0,0,0,0,0,0,0,0,0,0,0,5.906417992,0.023988328,2.206146201,0,0,4.553170884,1.663949792,0.503058423,2.419804171,0.094334306,5.511532289,0,0,0,0,0,0,0,0,0,0,0,0,0
Aruba,0,0,0,0,0,0,0,0,0,0,0,0,0,0,0,0,0,0,0,0,0,0,0,0,0,0,0,0,0,0,0,0,0,0,0,0,0,0,0,0,0,0,0,0,0,0,0,0,0,0,0,0
Australia,292.856937,292.856937,292.856937,294.2744704,1.727783118,4.437611667,4.437611667,4.714932134,0.092440156,0.092440156,4.506941783,0.069330117,0.069330117,0.069330117,0,0,0,0,0,0,0,0,0,0,0,0,0,0,28.29496571,0.419612755,10.59212153,0.009244046,0.047713658,21.62148955,7.61552487,2.326812355,11.58183295,0.388341432,25.56709452,0,0,0,0,0,0,0,0,0,0,0,0,0
Austria,247.0413943,247.0413943,247.0413943,247.9158927,1.109169221,3.282788194,3.282788194,3.486122071,0.067777959,0.067777959,3.333621663,0.050833469,0.050833469,0.050833469,0,0,0,0,0,0,0,0,0,0,0,0,0,0,0,0,0,0,0,0,0,0,0,0,0,0,0,0,0,0,0,0,0,0,0,0,0,0
Azerbaijan,5997.743181,5997.743181,5997.743181,6283.784171,303.342932,713.0217353,713.0217353,758.1891172,15.05579396,15.05579396,724.3135808,11.29184547,11.29184547,11.29184547,0,0,0,0,0,0,0,0,0,0,0,0,0,0,25.9344138,0.409442665,9.971884205,0.008937846,0.046086498,19.37491097,7.00204341,2.328492877,10.84517862,0.395595925,23.23726794,0,0,0,0,0,0,0,0,0,0,0,0,0
Bahamas,35.4403112,35.4403112,35.4403112,35.96786619,0.544226464,0.721314164,0.721314164,1.665560173,0.31474867,0.31474867,0.957375666,0.236061502,0.236061502,0.236061502,0,0,0,0,0,0,0,0,0,0,0,0,0,0,0,0,0,0,0,0,0,0,0,0,0,0,0,0,0,0,0,0,0,0,0,0,0,0
Bahrain,109.0105372,109.0105372,109.0105372,109.0105372,0,0,0,0,0,0,0,0,0,0,0,0,0,0,0,0,0,0,0,0,0,0,0,0,38.03194226,0.151744474,14.14480469,0,0,29.42419646,10.71046321,3.190680735,15.53064132,0.596886954,35.52990605,0,0,0,0,0,0,0,0,0,0,0,0,0
Bangladesh,128960.8135,128960.8135,128960.8135,133830.802,5395.529037,12598.89545,12598.89545,13395.06671,265.3904223,265.3904223,12797.93826,199.0428167,199.0428167,199.0428167,24896.72347,0,0,0,0,0,0,0,0,916.9473274,1833.894655,0,0,0,96.36547235,5.811427933,40.3528013,0.164517706,0.842004887,63.99663366,22.17149326,10.71141323,42.69378892,1.277250834,74.03099208,69818.63679,0,38817.6253,9975.471354,0,2431.745149,0,922.6871763,0,0,2.458531917,0.319529984,2.139001933
Barbados,0,0,0,0,0,0,0,0.034248842,0.011416281,0.011416281,0.008562211,0.008562211,0.008562211,0.008562211,0,0,0,0,0,0,0,0,0,0,0,0,0,0,17.2586914,0.06814839,6.402401315,0,0,13.380694,4.859011923,1.435122309,7.033786498,0.268100511,16.13411664,0,0,0,0,0,0,0,0,0,0,0,0,0
Belarus,2126.730044,2126.730044,2126.730044,2633.365504,523.7601626,710.9948737,710.9948737,758.3452922,15.78347283,15.78347283,722.8324783,11.83760462,11.83760462,11.83760462,0,0,0,0,0,0,0,0,0,0,0,0,0,0,131.7777158,1.052728362,49.84185608,0.014941541,0.077166296,100.3103669,36.60652843,11.51594422,54.4774398,2.093400962,121.2299825,0,0,0,0,0,0,0,0,0,0,0,0,0
Belgium,338.380713,338.380713,338.380713,339.0013856,0.861338777,2.760085839,2.760085839,2.929847634,0.056587265,0.056587265,2.802526288,0.042440449,0.042440449,0.042440449,0,0,0,0,0,0,0,0,0,0,0,0,0,0,0,0,0,0,0,0,0,0,0,0,0,0,0,0,0,0,0,0,0,0,0,0,0,0
Belize,125.345846,125.345846,125.345846,125.345846,0,0,0,0.248435253,0.082811751,0.082811751,0.062108813,0.062108813,0.062108813,0.062108813,0,0,0,0,0,0,0,0,0,0.017103247,0.034206493,0,0,0,14.64897557,0.694094193,6.037697249,0.018715637,0.09646223,10.04816758,3.492806463,1.482417749,6.43567381,0.191690848,11.68234496,0,0,0,0,0,0,0,0,0,0,0,0,0
Benin,23660.18513,23660.18513,23660.18513,23755.3409,108.1777483,277.7295457,277.7295457,295.152969,5.80780776,5.80780776,282.0854015,4.35585582,4.35585582,4.35585582,154711.797,0,0,0,0,0,0,0,0,0,0,0,0,0,400.556193,30.52022018,171.8544625,0.874782987,4.482264043,255.9980365,85.84425354,46.00300049,180.47193,4.68317499,289.014673,0,0,0,0,0,0,0,0,5505.153606,0.00722505,3.757272234,3.757272234,0
Bermuda,0,0,0,0,0,0,0,0.002953081,0.00098436,0.00098436,0.00073827,0.00073827,0.00073827,0.00073827,0,0,0,0,0,0,0,0,0,0,0,0,0,0,0.87735951,0.003500596,0.326306735,0,0,0.678787279,0.247079854,0.073605867,0.358276624,0.013769595,0.819639995,0,0,0,0,0,0,0,0,0,0,0,0,0
Bhutan,1330.44179,1330.44179,1330.44179,1338.215828,8.584905068,15.72296231,15.72296231,16.73426569,0.337101127,0.337101127,15.97578815,0.252825845,0.252825845,0.252825845,113.9248562,0,0,0,0,0,0,0,0,83.61743672,167.2348734,0,0,0,1.018766015,0.004138644,0.3805487,0,0,0.785312082,0.287006842,0.08678811,0.417397471,0.016275195,0.950639116,0,0,0,0,0,0,0,0,0,0,0,0,0
Bolivia,6059.129255,6059.129255,6059.129255,6128.067254,76.88255053,152.5589769,152.5589769,162.3038086,3.248277228,3.248277228,154.9951848,2.436207921,2.436207921,2.436207921,0,0,0,0.010832164,0,0.010832164,0,0,0,0.500224004,1.000448009,0,0,0,28.95903395,0.103199316,10.45157603,0,0,22.91666465,8.109017686,2.203913468,11.54094645,0.406527066,27.2523059,0,0,0,0,0,0,0,0,0,0,0,0,0
"Bonaire, Saint Eustatius and Saba",0,0,0,0,0,0,0,0,0,0,0,0,0,0,0,0,0,0,0,0,0,0,0,0,0,0,0,0,0,0,0,0,0,0,0,0,0,0,0,0,0,0,0,0,0,0,0,0,0,0,0,0
Bosnia and Herzegovina,726.8722072,726.8722072,726.8722072,727.0177343,0.251675751,1.096753404,1.096753404,1.163154798,0.022133798,0.022133798,1.113353752,0.016600349,0.016600349,0.016600349,0,0,0,0,0,0,0,0,0,0,0,0,0,0,0,0,0,0,0,0,0,0,0,0,0,0,0,0,0,0,0,0,0,0,0,0,0,0
Botswana,15661.28245,15661.28245,15661.28245,15661.28245,0,0,0,0,0,0,0,0,0,0,627.3481547,0,0,0,0,0,0,0,0,0,0,0,0,0,2332.291709,99.9827681,947.0652812,2.655487925,13.71638206,1630.740964,562.1364243,223.1478707,1013.53278,29.30053281,1889.837275,0,0,0,0,0,0,0,0,285.101703,0,0,0,0
Brazil,46307.24,46307.24,46307.24,46434.47774,149.7193153,347.1371523,347.1371523,369.0015422,7.288129983,7.288129983,352.6032498,5.466097487,5.466097487,5.466097487,1.163880565,0,0,2.234291762,0,2.234291762,0,0,0,16.88172978,33.76345955,0,0,0,26289.59234,698.9335161,10268.91329,17.60241657,90.67223413,19232.99969,6809.368921,2405.368229,11107.3162,368.4834049,22729.25285,0,0,0,0,0,0,0,0,3796.411794,0,0,0,0
British Virgin Islands,0,0,0,0,0,0,0,0.012415368,0.004138456,0.004138456,0.003103842,0.003103842,0.003103842,0.003103842,0,0,0,0,0,0,0,0,0,0,0,0,0,0,0,0,0,0,0,0,0,0,0,0,0,0,0,0,0,0,0,0,0,0,0,0,0,0
Brunei Darussalam,84.64235051,84.64235051,84.64235051,84.64235051,0,0,0,0.167760995,0.055920332,0.055920332,0.041940249,0.041940249,0.041940249,0.041940249,0,0,0,0,0,0,0,0,0,0,0,0,0,0,0,0,0,0,0,0,0,0,0,0,0,0,0,0,0,0,0,0,0,0,0,0,0,0
Bulgaria,663.973363,663.973363,663.973363,663.973363,0,0,0,1.761298715,0.587099572,0.587099572,0.440324679,0.440324679,0.440324679,0.440324679,0,0,0,0,0,0,0,0,0,0,0,0,0,0,0,0,0,0,0,0,0,0,0,0,0,0,0,0,0,0,0,0,0,0,0,0,0,0
Burkina Faso,51748.04891,51748.04891,51748.04891,53631.98742,1915.727529,2332.302896,2332.302896,2489.945883,52.54766263,52.54766263,2371.713643,39.41074697,39.41074697,39.41074697,254418.0768,0,0,0,258005.1953,0,0,0,0,0,0,0,0,0,577.0084996,36.2897442,239.9573743,1.034342709,5.293786539,385.2293551,131.0436506,62.55339676,254.0985612,7.064369443,440.4852262,0,0,0,0,0,0,0,0,1080.428602,0,23.49288851,23.49288851,0
Burundi,44666.59631,44666.59631,44666.59631,46094.10343,1450.484537,1761.959017,1761.959017,1881.096385,39.71245585,39.71245585,1791.743359,29.78434189,29.78434189,29.78434189,0,0,0,0,79621.78595,0,0,0,0,0,0,0,0,0,2295.019424,131.4326954,943.3816815,3.727011885,19.06949261,1557.470086,533.3556854,242.9998262,1002.377931,28.74689879,1790.824206,0,0,0,0,0,0,0,0,274.5992289,10.87267626,0,0,0
Cambodia,25215.73364,25215.73364,25215.73364,25215.73364,0,0,0,0,0,0,0,0,0,0,0,0,0,0,0,0,0,0,0,0,0,6425.155727,0,0,3983.284772,14.90124281,1457.168045,0,0,3121.9678,1118.957463,316.1996189,1605.410244,58.6645718,3736.778155,0,0,0,0,0,0,0,0,1099.962998,0,0,0,0
Cameroon,29320.06569,29320.06569,29320.06569,29320.06569,0,0,0,0,0,0,0,0,0,0,0,0,0,0,343461.9742,0,0,0,0,0,0,0,0,0,38770.31738,1603.05981,15553.8007,44.30764196,226.348916,27271.73787,9613.15808,3946.17001,16660.73268,543.1106059,32035.34814,0,0,0,0,0,0,0,0,3592.975041,152.9306412,60.62511318,60.62511318,0
Canada,517.5132848,517.5132848,517.5132848,517.5132848,0,0,0,0.186412003,0.062137334,0.062137334,0.046603001,0.046603001,0.046603001,0.046603001,0,0,0,0,0,0,0,0,0,0,0,0,0,0,34.19983393,0.136454661,12.71957051,0,0,26.45940681,9.631274165,2.869186919,13.96576989,0.536744471,31.94990353,0,0,0,0,0,0,0,0,0,0,0,0,0
Cape Verde,171.9463398,171.9463398,171.9463398,171.9463398,0,0,0,0.340797353,0.113599118,0.113599118,0.085199338,0.085199338,0.085199338,0.085199338,0,0,0,0,0,0,0,0,0,0,0,0,0,0,14.04686789,0.056094923,5.225414719,0,0,10.8657228,3.95592775,1.179336939,5.737089208,0.220646697,13.12201527,0,0,0,0,0,0,0,0,0,0,0,0,0
Cayman Islands,0,0,0,0,0,0,0,0,0,0,0,0,0,0,0,0,0,0,0,0,0,0,0,0,0,0,0,0,0,0,0,0,0,0,0,0,0,0,0,0,0,0,0,0,0,0,0,0,0,0,0,0
Central African Republic,34654.50486,34654.50486,34654.50486,35169.2187,522.9987721,633.2741304,633.2741304,676.1110531,14.27897424,14.27897424,643.9833611,10.70923068,10.70923068,10.70923068,92308.07331,0,0,0,0,0,0,0,0,0,0,0,0,0,620.3770087,33.74666072,255.7911015,0.952325034,4.869860915,420.4892667,146.2771506,66.91535921,271.7605361,8.31167615,488.3886384,0,0,0,0,0,0,0,0,122.0716139,50.16443992,45.09562712,45.09562712,0
Chad,35299.79284,35299.79284,35299.79284,35299.79284,0,0,0,69.96412932,23.32137644,23.32137644,17.49103233,17.49103233,17.49103233,17.49103233,144042.6829,0,0,0,148033.316,0,0,0,0,0,0,0,0,0,1037.427118,63.29751736,430.8924667,1.807741483,9.240226442,693.9033753,238.3712877,113.7295092,456.4724464,13.25471593,798.4337679,0,0,0,0,0,0,0,0,3389.254491,4.478676612,19.10205723,19.10205723,0
Chile,2617.788991,2617.788991,2617.788991,2619.6894,2.843857628,11.27174211,11.27174211,11.9583996,0.228885832,0.228885832,11.44340648,0.171664374,0.171664374,0.171664374,0,0,0,0,0,0,0,0,0,0,0,0,0,0,123.016006,0.449735405,44.71988757,0,0,96.85799868,34.50956765,9.57268735,49.32381812,1.771069453,115.5749441,0,0,0,0,0,0,0,0,0,0,0,0,0
China,386008.5409,386008.5409,386008.5409,395036.0532,10048.18539,19853.3875,19853.3875,21122.12596,422.9128224,422.9128224,20170.57211,317.1846168,317.1846168,317.1846168,0,0,14.16167654,0,12.62242985,0,0,0,0,804.6077034,1609.215407,15.06841891,0,0,11785.55032,47.87772346,4402.36108,0,0,9084.848647,3320.226164,1004.004471,4828.644477,188.2788858,10997.42725,0,0,0,0,0,0,0,0,0,0,0,0,0
"China, Hong Kong SAR",0,0,0,0,0,0,0,0,0,0,0,0,0,0,0,0,0,0,0,0,0,0,0,0,0,0,0,0,0,0,0,0,0,0,0,0,0,0,0,0,0,0,0,0,0,0,0,0,0,0,0,0
"China, Macao SAR",0,0,0,0,0,0,0,0,0,0,0,0,0,0,0,0,0,0,0,0,0,0,0,0,0,0,0,0,0,0,0,0,0,0,0,0,0,0,0,0,0,0,0,0,0,0,0,0,0,0,0,0
Colombia,5999.443819,5999.443819,5999.443819,6035.620166,43.68771395,112.4954012,112.4954012,119.5281153,2.344238025,2.344238025,114.2535797,1.758178519,1.758178519,1.758178519,9.546860167,0,0,0,0,0,0,0,0,0,0,0,0,0,8179.975227,29.15041461,2952.226692,0,0,6473.204508,2290.530958,622.5331134,3259.938029,114.8305337,7697.880651,273.0042765,203.9516477,0,80.07815554,13.93742123,25.6601921,40.5263042,0,0,0,0,0,0
Comoros,1908.875146,1908.875146,1908.875146,1908.875146,0,0,0,0,0,0,0,0,0,0,777.0948373,0,0,0,0,0,0,0,0,0,0,0,0,0,1.836154434,0.00733252,0.683046817,0,0,1.420326955,0.517104193,0.154158547,0.749931007,0.028842117,1.715261132,83.7416134,0,34.81954032,40.58348268,0,34.07528776,0,13.65215334,0,0,4.776004209,1.977993063,2.798011146
Republic of the Congo,7412.769839,7412.769839,7412.769839,7453.500689,41.38646061,50.27371586,50.27371586,70.0454907,6.590591612,6.590591612,55.21665957,4.942943709,4.942943709,4.942943709,0,0,0,0,41313.8623,0,0,0,0,0,0,0,0,0,426.3333009,1.702524275,158.5953768,0,0,329.7830878,120.0654657,35.7937879,174.1250931,6.69679786,398.2633086,1702.336818,0,712.1299211,204.4072351,0,99.84448871,0,39.74991961,1405.190915,0.423841299,1.315817525,1.315817525,0
Cook Islands,0,0,0,0,0,0,0,0,0,0,0,0,0,0,0,0,0,0,0,0,0,0,0,0,0,0,0,0,0,0,0,0,0,0,0,0,0,0,0,0,0,0,0,0,0,0,0,0,0,0,0,0
Costa Rica,313.6321123,313.6321123,313.6321123,313.6321123,0,0,0,0,0,0,0,0,0,0,0,0,0,0,0,0,0,0,0,0,0,0,0,0,25.39057497,0.607119378,9.804784269,0.015238393,0.078235796,18.77615151,6.66067702,2.296320777,10.63247871,0.359464966,22.23095202,0,0,0,0,0,0,0,0,0,0,0,0,0
Cote d'Ivoire,42027.22736,42027.22736,42027.22736,43157.93863,1169.501834,1695.334165,1695.334165,1807.431653,37.36582925,37.36582925,1723.358537,28.02437194,28.02437194,28.02437194,0,0,0,0,494427.8821,0,0,0,0,0,0,0,0,0,20739.84012,1181.281993,8560.507577,33.51904289,171.3804424,14012.35091,4839.957017,2238.183444,9088.264148,269.9545085,16193.84639,0,0,0,0,0,0,0,0,1814.727415,0,52.9663627,52.9663627,0
Croatia,314.5584874,314.5584874,314.5584874,314.5584874,0,0,0,0.623454387,0.207818129,0.207818129,0.155863597,0.155863597,0.155863597,0.155863597,0,0,0,0,0,0,0,0,0,0,0,0,0,0,0,0,0,0,0,0,0,0,0,0,0,0,0,0,0,0,0,0,0,0,0,0,0,0
Cuba,244.7314038,244.7314038,244.7314038,246.7019299,2.253322886,4.484461038,4.484461038,4.770326122,0.095288361,0.095288361,4.555927309,0.071466271,0.071466271,0.071466271,0,0,0,0,0,0,0,0,0,0,0,0,0,0,98.76440227,2.409552465,38.32884227,0.059247486,0.30603082,72.84099246,25.68430701,8.761280268,41.54015781,1.357461268,85.93616343,0,0,0,0,0,0,0,0,0,0,0,0,0
Curacao,0,0,0,0,0,0,0,0,0,0,0,0,0,0,0,0,0,0,0,0,0,0,0,0,0,0,0,0,0,0,0,0,0,0,0,0,0,0,0,0,0,0,0,0,0,0,0,0,0,0,0,0
Cyprus,18.2316038,18.2316038,18.2316038,18.2316038,0,0,0,0.036135008,0.012045003,0.012045003,0.009033752,0.009033752,0.009033752,0.009033752,0,0,0,0,0,0,0,0,0,0,0,0,0,0,0,0,0,0,0,0,0,0,0,0,0,0,0,0,0,0,0,0,0,0,0,0,0,0
Czech Republic,271.296056,271.296056,271.296056,271.9073853,0.700304912,1.639225389,1.639225389,1.742581377,0.034451996,0.034451996,1.665064386,0.025838997,0.025838997,0.025838997,0,0,0,0,0,0,0,0,0,0,0,0,0,0,0,0,0,0,0,0,0,0,0,0,0,0,0,0,0,0,0,0,0,0,0,0,0,0
Democratic People's Republic of Korea,13718.80109,13718.80109,13718.80109,14413.24845,713.0937649,971.2078416,971.2078416,1035.912734,21.56829764,21.56829764,987.3840648,16.17622323,16.17622323,16.17622323,0,0,0,0,0,0,0,0,0,0,0,0,0,0,0,0,0,0,0,0,0,0,0,0,0,0,0,0,0,0,0,0,0,0,0,0,0,0
Democratic Republic of the Congo,299831.4823,299831.4823,299831.4823,302799.429,3101.727936,4433.43912,4433.43912,4726.698614,97.75316469,97.75316469,4506.753993,73.31487352,73.31487352,73.31487352,0,0,0,0,1187961.216,0,0,0,0,0,0,0,0,0,18412.1731,1278.33138,7772.995767,36.80753611,188.1408219,12017.7445,4090.624926,2094.368629,8193.817083,228.664484,13719.17557,96721.0026,0,0,4464.910273,0,271.3851783,0,109.6899681,5257.423701,2565.703687,7.012232648,7.012232648,0
Denmark,141.7299892,141.7299892,141.7299892,141.7299892,0,0,0,0.024227414,0.008075805,0.008075805,0.006056854,0.006056854,0.006056854,0.006056854,0,0,0,0,0,0,0,0,0,0,0,0,0,0,0,0,0,0,0,0,0,0,0,0,0,0,0,0,0,0,0,0,0,0,0,0,0,0
Djibouti,2397.038614,2397.038614,2397.038614,2420.562739,25.65436197,44.35553147,44.35553147,47.22511704,0.956528522,0.956528522,45.07292787,0.717396391,0.717396391,0.717396391,15.16245113,0,0,0,0,0,0,0,0,0,0,0,0,0,117.4253333,3.328256578,45.96551554,0.087867203,0.448240963,85.33942996,30.53478578,11.3345262,49.6237935,1.738274442,101.4712997,0,0,0,0,0,0,0,0,0,0,0,0,0
Dominica,22.49515732,22.49515732,22.49515732,22.49515732,0,0,0,0.044585364,0.014861788,0.014861788,0.011146341,0.011146341,0.011146341,0.011146341,0,0,0,0,0,0,0,0,0,0,0,0,0,0,1.896202174,0.006757365,0.684356433,0,0,1.500555212,0.530968574,0.144309562,0.755687078,0.026618896,1.784447705,0,0,0,0,0,0,0,0,0,0,0,0,0
Dominican Republic,4082.682262,4082.682262,4082.682262,4141.868504,63.63347083,106.6424767,106.6424767,113.569158,2.308893765,2.308893765,108.374147,1.731670324,1.731670324,1.731670324,0,0,0,0,0,0,0,0,0,0.354573852,0.709147704,0,0,0,462.2545693,11.21983463,178.9111092,0.284150624,1.455947524,340.8804444,121.3850392,42.46493704,193.8797858,6.659909368,404.4631852,0,0,0,0,0,0,0,0,0,0,0.006484984,0.004696069,0.001788915
Ecuador,6116.298809,6116.298809,6116.298809,6258.290788,155.0396774,272.5916518,272.5916518,290.2000822,5.869476775,5.869476775,276.9937594,4.402107582,4.402107582,4.402107582,0.749593394,0,0,0,0,0,0,0,0,1.494799615,2.989599231,0,0,0,119.060771,1.079368575,44.61842724,0.017953541,0.092735361,91.28444324,32.87349198,10.01757144,48.8624363,1.785321678,109.4067555,0,0,0,0,0,0,0,0,0,0,0,0,0
Egypt,6774.859665,6774.859665,6774.859665,6879.414722,115.5379048,369.8700037,369.8700037,392.8424312,7.657475829,7.657475829,375.6131106,5.743106872,5.743106872,5.743106872,0,0,0,0,0,0,0,0,0,0,0,0,0,0,94.48874704,7.876880302,41.14222164,0.228172471,1.16712687,58.87712942,19.76716144,11.44554097,42.99911821,1.13122986,66.37511211,0,0,0,0,0,0,0,0,2182.173653,0,0,0,0
El Salvador,720.8286706,720.8286706,720.8286706,723.0024216,3.147920064,13.49573656,13.49573656,14.31681553,0.273692993,0.273692993,13.7010063,0.205269744,0.205269744,0.205269744,0,0,0,0,0,0,0,0,0,0.119981255,0.23996251,0,0,0,499.7751378,10.09474134,192.3145072,0.24014107,1.2373534,372.0419886,132.5683728,44.3876658,208.9378302,7.183477459,442.0114,0,0,0,0,0,0,0,0,0,0,0,0,0
Equatorial Guinea,1169.473718,1169.473718,1169.473718,1184.081697,15.17659256,21.74739899,21.74739899,23.18644254,0.479681182,0.479681182,22.10715988,0.359760887,0.359760887,0.359760887,0,0,0,0,16260.97498,0,0,0,0,0,0,0,0,0,74.59058214,2.271798024,29.22392173,0.060739075,0.309938683,54.0845598,19.24129951,7.190477589,31.53132674,1.077987634,64.05087474,421.3712794,0,171.6519033,29.36364864,0,22.97382721,0,9.202177329,26.52173674,1.543138587,2.187368577,2.187368577,0
Eritrea,21010.7714,21010.7714,21010.7714,21010.7714,0,0,0,0,0,0,0,0,0,0,0,0,0,0,0,0,0,0,0,0,0,0,0,0,1196.844245,78.34329118,500.1387478,2.23396317,11.43998368,793.6850757,268.4867923,130.35608,528.8819658,14.33775919,903.9210813,0,0,0,0,0,0,0,0,20.58370581,0,0.009374546,0.009374546,0
Estonia,172.375034,172.375034,172.375034,180.1844654,8.315135195,20.13648234,20.13648234,21.40925182,0.424256494,0.424256494,20.45467471,0.31819237,0.31819237,0.31819237,0,0,0,0,0,0,0,0,0,0,0,0,0,0,0,0,0,0,0,0,0,0,0,0,0,0,0,0,0,0,0,0,0,0,0,0,0,0
Ethiopia,405800.2943,405800.2943,405800.2943,406921.1465,1290.285869,2760.71667,2760.71667,2935.737514,58.34028113,58.34028113,2804.471881,43.75521085,43.75521085,43.75521085,25195.85385,0,0,0,0,0,0,0,0,13381.43661,0,0,0,0,2415.009488,9.676185381,899.1069394,0,0,1866.833562,680.1753975,203.3316248,986.960663,38.05903544,2255.520865,0,0,0,0,0,0,0,0,17958.81381,3.272471917,0.011140186,0.011140186,0
Fiji,276.5599561,276.5599561,276.5599561,276.5599561,0,0,0,0.548141362,0.182713787,0.182713787,0.137035341,0.137035341,0.137035341,0.137035341,0,0,0,0,0,0,0,0,0,0,0,0,0,0,31.61327875,0.126250041,11.760213,0,0,24.45372522,8.90305016,2.654258544,12.91174693,0.496598215,29.53176635,4.27884501,0,1.458754425,3.782368406,0,0.065605386,0,0.03171123,0,0,0.189774241,0.047360065,0.142414175
Finland,186.5665452,186.5665452,186.5665452,187.6755882,1.394878506,3.752495958,3.752495958,3.986065554,0.077856532,0.077856532,3.810888357,0.058392399,0.058392399,0.058392399,0,0,0,0,0,0,0,0,0,0,0,0,0,0,0,0,0,0,0,0,0,0,0,0,0,0,0,0,0,0,0,0,0,0,0,0,0,0
France,3008.938355,3008.938355,3008.938355,3008.938355,0,0,0,0,0,0,0,0,0,0,0,0,0,0,0,0,0,0,0,0,0,0,0,0,0,0,0,0,0,0,0,0,0,0,0,0,0,0,0,0,0,0,0,0,0,0,0,0
French Polynesia,0,0,0,0,0,0,0,0,0,0,0,0,0,0,0,0,0,0,0,0,0,0,0,0,0,0,0,0,0,0,0,0,0,0,0,0,0,0,0,0,0,0,0,0,0,0,0,0,0,0,0,0
Gabon,1849.924117,1849.924117,1849.924117,1851.109383,1.319248115,2.491620699,2.491620699,3.571509076,0.359962792,0.359962792,2.761592793,0.269972094,0.269972094,0.269972094,0,0,0,0,7947.828834,0,0,0,0,0,0,0,0,0,222.1153468,4.185336439,84.72530817,0.099756326,0.512087991,166.5792048,59.32800328,19.54379018,92.21420551,3.192325964,197.9302684,629.9903137,0,266.3729963,64.99726073,0,99.72390586,0,23.99478819,298.1493089,0,0.637971035,0.637971035,0
Gambia,2424.535657,2424.535657,2424.535657,2424.535657,0,0,0,10.21142886,3.40380962,3.40380962,2.552857215,2.552857215,2.552857215,2.552857215,2926.73714,0,0,0,0,0,0,0,0,0,0,0,0,0,0,0,0,0,0,0,0,0,0,0,0,0,0,0,0,0,0,0,0,995.9120242,0,0,0,0
Georgia,1623.881682,1623.881682,1623.881682,1688.970198,69.80878593,123.8897221,123.8897221,131.8983402,2.669539363,2.669539363,125.8918766,2.002154522,2.002154522,2.002154522,0,0,0,0,0,0,0,0,0,0,0,0,0,0,17.85506107,0.212333378,6.795786972,0.004092168,0.021137261,13.49184889,4.885691039,1.564799703,7.413400711,0.274237935,16.21403249,0,0,0,0,0,0,0,0,0,0,0,0,0
Germany,1615.433498,1615.433498,1615.433498,1615.433498,0,0,0,4.219456675,1.406485558,1.406485558,1.054864169,1.054864169,1.054864169,1.054864169,0,0,0,0,0,0,0,0,0,0,0,0,0,0,0,0,0,0,0,0,0,0,0,0,0,0,0,0,0,0,0,0,0,0,0,0,0,0
Ghana,32855.92295,32855.92295,32855.92295,33613.43787,772.0213286,967.1016325,967.1016325,1032.222016,21.70679445,21.70679445,983.3817283,16.28009584,16.28009584,16.28009584,114274.8851,0,0,0,109927.1026,0,0,0,0,0,0,0,0,0,1223.324868,70.61127671,506.3649238,2.001466842,10.23771942,823.8520589,284.4219843,132.4854331,537.2434747,15.89488065,951.6056821,0,0,0,0,0,0,0,0,1012.157727,0,2.463607639,2.463607639,0
Greece,569.9635159,569.9635159,569.9635159,569.9635159,0,0,0,0.491953824,0.163984608,0.163984608,0.122988456,0.122988456,0.122988456,0.122988456,0,0,0,0,0,0,0,0,0,0,0,0,0,0,0,0,0,0,0,0,0,0,0,0,0,0,0,0,0,0,0,0,0,0,0,0,0,0
Greenland,0,0,0,0,0,0,0,0,0,0,0,0,0,0,0,0,0,0,0,0,0,0,0,0,0,0,0,0,0,0,0,0,0,0,0,0,0,0,0,0,0,0,0,0,0,0,0,0,0,0,0,0
Grenada,10.89405343,10.89405343,10.89405343,10.89405343,0,0,0,0.021591995,0.007197332,0.007197332,0.005397999,0.005397999,0.005397999,0.005397999,0,0,0,0,0,0,0,0,0,0,0,0,0,0,48.04289969,0.171207174,17.33911496,0,0,38.01863774,13.4528218,3.656281968,19.14637531,0.67442647,45.21144596,0,0,0,0,0,0,0,0,0,0,0,0,0
Guam,29.97232729,29.97232729,29.97232729,29.97232729,0,0,0,0.059405102,0.019801701,0.019801701,0.014851275,0.014851275,0.014851275,0.014851275,0,0,0,0,0,0,0,0,0,0,0,0,0,0,0.413162569,0.001648486,0.15366304,0,0,0.319651742,0.116353839,0.034662175,0.168718169,0.006484322,0.38598153,0,0,0,0,0,0,0,0,0,0,0,0,0
Guatemala,2290.667298,2290.667298,2290.667298,2416.627389,136.8066368,347.6306638,347.6306638,369.5109108,7.293415651,7.293415651,353.1007256,5.470061738,5.470061738,5.470061738,0,0,0,0,0,0,0,0,0,3.254302486,6.508604972,0,0,0,285.9335741,25.24112786,126.4764414,0.725611531,3.720585809,174.6879951,57.99115577,34.80678027,131.7902208,3.2665656,195.2182205,0,0,0,0,0,0,0,0,0,0,0,0,0
Guinea,30098.72864,30098.72864,30098.72864,30526.88313,460.6454459,870.9109444,870.9109444,926.9024168,18.66382414,18.66382414,884.9088125,13.99786811,13.99786811,13.99786811,0,0,0,0,299761.3968,0,0,0,0,0,0,0,0,0,470.8321167,23.67688448,192.1670028,0.665469355,3.401530355,323.4297927,112.8270321,49.70019436,204.748118,6.355918039,376.6893543,0,0,0,0,0,0,0,0,4372.256681,0,6.482146592,6.482146592,0
Guinea-Bissau,6413.180398,6413.180398,6413.180398,6413.180398,0,0,0,0,0,0,0,0,0,0,12213.95864,0,0,0,0,0,0,0,0,0,0,0,0,0,164.9985357,0.658907038,61.37921875,0,0,127.6318938,46.46746101,13.85282965,67.38949393,2.591779339,154.1349517,0,0,0,0,0,0,0,0,392.0812291,0,1.632790556,1.632790556,0
Guyana,537.6594372,537.6594372,537.6594372,537.6594372,0,0,0,1.065640089,0.355213363,0.355213363,0.266410022,0.266410022,0.266410022,0.266410022,0.384095355,0,0,0,0,0,0,0,0,0.56588304,1.13176608,0,0,0,673.4274708,30.8713852,277.3335358,0.822867746,4.250355759,463.6418703,160.6141081,66.58099264,295.8897562,8.639816026,538.1895707,0,0,0,0,0,0,0,0,0,0,12.62125396,9.048497898,3.572756063
Haiti,6861.624959,6861.624959,6861.624959,7132.614147,275.3510812,321.683973,321.683973,343.5433181,7.286448362,7.286448362,327.1488093,5.464836271,5.464836271,5.464836271,0,0,0,0,0,0,0,0,0,4.155732691,8.311465382,0,0,0,1099.847627,31.11396,427.4483068,0.81584424,4.174912777,805.3576751,284.8398101,102.2684208,462.3241139,15.44200667,950.9019737,0,0,0,0,0,0,0,0,0,0,472.9704731,431.647416,41.32305709
Honduras,3069.478748,3069.478748,3069.478748,3082.308123,16.88372246,57.24455526,57.24455526,60.76498425,1.173476329,1.173476329,58.12466251,0.880107247,0.880107247,0.880107247,0,0,0,0,0,0,0,0,0,0.909313927,1.818627854,0,0,0,635.1820353,47.37844699,276.8975055,1.325487478,6.825782272,401.7633392,134.732703,71.47413148,290.4948371,7.327483095,453.58459,0,0,0,0,0,0,0,0,0,0,0,0,0
Hungary,396.9147316,396.9147316,396.9147316,396.9147316,0,0,0,0.328842401,0.109614134,0.109614134,0.0822106,0.0822106,0.0822106,0.0822106,0,0,0,0,0,0,0,0,0,0,0,0,0,0,0,0,0,0,0,0,0,0,0,0,0,0,0,0,0,0,0,0,0,0,0,0,0,0
Iceland,7.315966518,7.315966518,7.315966518,7.315966518,0,0,0,0.014500233,0.004833411,0.004833411,0.003625058,0.003625058,0.003625058,0.003625058,0,0,0,0,0,0,0,0,0,0,0,0,0,0,0,0,0,0,0,0,0,0,0,0,0,0,0,0,0,0,0,0,0,0,0,0,0,0
India,3307858.992,3307858.992,3307858.992,3398436.416,101166.134,247741.0661,247741.0661,263342.6234,5200.519114,5200.519114,251641.4554,3900.389335,3900.389335,3900.389335,0,0,0,0,0,0,0,447790.3913,0,119263.9727,238527.9454,0,0,0,13800.32653,54.68043783,5123.831079,0,0,10691.96773,3885.718971,1150.924618,5628.046747,215.1063998,12898.22921,0,0,0,0,0,0,0,0,0,0,103.197599,103.197599,0
Indonesia,683958.1474,683958.1474,683958.1474,707554.4084,24082.50838,30176.93962,30176.93962,32208.49602,677.1854677,677.1854677,30684.82872,507.8891008,507.8891008,507.8891008,0,0,0,0,10540.0879,0,0,0,0,0,0,4815.311168,0,0,503.6942489,27.39506296,207.9178827,0.776319949,3.964764342,340.6296778,119.0905428,55.14078351,220.7621156,6.922848002,396.9305298,0,0,0,0,0,0,0,0,0,0,97.17800842,97.17800842,0
Iran,11263.27369,11263.27369,11263.27369,11312.48811,52.58254581,104.6014185,104.6014185,111.3032512,2.23394425,2.23394425,106.2768766,1.675458187,1.675458187,1.675458187,0,0,0,0,0,0,1.960517547,1.819465508,0,31.84315219,63.68630438,0,0,0,0,0,0,0,0,0,0,0,0,0,0,0,0,0,0,0,0,0,0,0,0,0,0,0
Iraq,12035.67162,12035.67162,12035.67162,12157.2303,128.4720616,258.0265683,258.0265683,274.5600345,5.5111554,5.5111554,262.1599348,4.13336655,4.13336655,4.13336655,0,0,0,0,0,0,0,0,0,0,0,0,0,0,0,0,0,0,0,0,0,0,0,0,0,0,0,0,0,0,0,0,0,0,0,0,0,0
Ireland,146.2698207,146.2698207,146.2698207,146.377001,0.166383069,0.713779808,0.713779808,0.757124783,0.014448325,0.014448325,0.724616052,0.010836244,0.010836244,0.010836244,0,0,0,0,0,0,0,0,0,0,0,0,0,0,0,0,0,0,0,0,0,0,0,0,0,0,0,0,0,0,0,0,0,0,0,0,0,0
Israel,127.6891102,127.6891102,127.6891102,129.2760916,1.865338443,4.154762518,4.154762518,4.417119083,0.087452188,0.087452188,4.220351659,0.065589141,0.065589141,0.065589141,0,0,0,0,0,0,0,0,0,0,0,0,0,0,0,0,0,0,0,0,0,0,0,0,0,0,0,0,0,0,0,0,0,0,0,0,0,0
Italy,1703.742016,1703.742016,1703.742016,1703.742016,0,0,0,1.673927554,0.557975851,0.557975851,0.418481889,0.418481889,0.418481889,0.418481889,0,0,0,0,0,0,0,0,0,0,0,0,0,0,0,0,0,0,0,0,0,0,0,0,0,0,0,0,0,0,0,0,0,0,0,0,0,0
Jamaica,135.2320638,135.2320638,135.2320638,135.2320638,0,0,0,0,0,0,0,0,0,0,0,0,0,0,0,0,0,0,0,0,0,0,0,0,480.7849248,3.968007609,181.1790694,0.059297727,0.306290331,367.0981582,133.3394078,41.39714298,198.2012245,7.479032876,442.3186749,0,0,0,0,0,0,0,0,0,0,0,0,0
Japan,10274.33251,10274.33251,10274.33251,10274.33251,0,0,0,2.599719819,0.866573273,0.866573273,0.649929955,0.649929955,0.649929955,0.649929955,0,0,0,0,0,0,0,0,0,0,0,0,0,0,8.362344082,0.03397126,3.123660511,0,0,6.446082557,2.355840233,0.712383437,3.426126526,0.133591795,7.803137589,0,0,0,0,0,0,0,0,0,0,0,0,0
Jordan,143.8123393,143.8123393,143.8123393,149.7889882,6.283324239,10.60602733,10.60602733,11.295857,0.229943224,0.229943224,10.77848474,0.172457418,0.172457418,0.172457418,0,0,0,0,0,0,0,0,0,0,0,0,0,0,0,0,0,0,0,0,0,0,0,0,0,0,0,0,0,0,0,0,0,0,0,0,0,0
Kazakhstan,11822.97123,11822.97123,11822.97123,13053.89314,1293.234117,1997.692567,1997.692567,2128.723253,43.67689507,43.67689507,2030.450239,32.7576713,32.7576713,32.7576713,0,0,0,0,0,0,0,0,0,0,0,0,0,0,281.3977991,17.92830017,122.1243943,0.48877702,2.524678151,181.0783042,62.13662235,30.7530697,128.6057877,3.519502832,207.8866233,0,0,0,0,0,0,0,0,0,0,0,0,0
Kenya,71883.59953,71883.59953,71883.59953,72142.12856,267.8003473,379.8042472,379.8042472,404.9718119,8.389188223,8.389188223,386.0961384,6.291891167,6.291891167,6.291891167,176634.8854,0,0,0,0,0,0,0,0,0,0,0,0,0,84805.44955,10524.8083,40823.71824,301.1737119,1550.712475,45146.19221,13883.04388,11320.8226,41734.30955,747.3447735,47478.86518,0,0,0,0,0,0,0,0,1863.13535,0,0.024523328,0.024523328,0
Kiribati,349.5270447,349.5270447,349.5270447,349.5270447,0,0,0,0.692762008,0.230920669,0.230920669,0.173190502,0.173190502,0.173190502,0.173190502,0,0,0,0,0,0,0,0,0,0,0,0,0,0,0.207984445,0.000829842,0.077353382,0,0,0.160911455,0.058572074,0.017448805,0.084932076,0.003264183,0.194301615,0,0,0,0,0,0,0,0,0,0,0,0,0
Kuwait,183.0326007,183.0326007,183.0326007,183.2473638,0.318425494,1.228468764,1.228468764,1.303385026,0.024972087,0.024972087,1.247197829,0.018729066,0.018729066,0.018729066,0,0,0,0,0,0,0,0,0,0,0,0,0,0,0,0,0,0,0,0,0,0,0,0,0,0,0,0,0,0,0,0,0,0,0,0,0,0
Kyrgyzstan,3563.534059,3563.534059,3563.534059,4101.689922,561.4215859,818.1926224,818.1926224,872.2137479,18.00704181,18.00704181,831.6979038,13.50528136,13.50528136,13.50528136,0,0,0,0,0,0,0,0,0,0,0,0,0,0,152.2216887,2.842385082,59.18341051,0.064665573,0.334016846,112.4708775,40.61990792,13.92368128,64.18738587,2.315515064,134.757489,0,0,0,0,0,0,0,0,0,0,0,0,0
Lao People's Democratic Republic,6971.2889,6971.2889,6971.2889,6971.2889,0,0,0,0,0,0,0,0,0,0,0,0,0,0,0,0,0,0,0,390.9847982,781.9695964,0,0,259.1964732,0,0,0,0,0,0,0,0,0,0,0,0,0,0,0,0,0,0,0,43.85813576,0,0.024420741,0.024420741,0
Latvia,382.8513646,382.8513646,382.8513646,389.5647682,7.455290435,21.07009535,21.07009535,22.38665364,0.438852761,0.438852761,21.39923493,0.329139571,0.329139571,0.329139571,0,0,0,0,0,0,0,0,0,0,0,0,0,0,6.392238538,0.131439965,2.499111114,0.003065015,0.015831712,4.694405339,1.693564812,0.59091293,2.706296995,0.096835882,5.618624589,0,0,0,0,0,0,0,0,0,0,0,0,0
Lebanon,387.2261356,387.2261356,387.2261356,387.7827859,0.684015624,1.734545402,1.734545402,1.842969532,0.036141377,0.036141377,1.761651434,0.027106032,0.027106032,0.027106032,0,0,0,0,0,0,0,0,0,0,0,0,0,0,23.33645397,0.093046756,8.677814827,0,0,18.05724061,6.571845787,1.956661525,9.528394644,0.366002973,21.80216694,0,0,0,0,0,0,0,0,0,0,0,0,0
Lesotho,22098.10733,22098.10733,22098.10733,22408.07487,334.2308293,645.5429837,645.5429837,686.9682195,13.80841194,13.80841194,655.8992927,10.35630895,10.35630895,10.35630895,0,0,0,0,0,0,0,0,0,0,0,0,0,0,2023.475108,189.0628256,908.2512457,5.409722591,27.78613013,1212.049977,397.296122,247.7830731,943.6423326,21.96914079,1341.53496,36.01374009,0,13.87492022,63.33330661,0,201.2651249,0,80.31357267,0,0,0,0,0
Liberia,17593.24732,17593.24732,17593.24732,17593.24732,0,0,0,34.86978624,11.62326208,11.62326208,8.71744656,8.71744656,8.71744656,8.71744656,0,0,0,0,39583.60473,0,0,0,0,0,0,0,0,0,157.979046,4.514435488,61.81815621,0.119291462,0.608719156,114.8413787,41.03301578,15.20702619,66.74291821,2.323789963,136.4219688,64.59940371,0,23.84389676,175.0698046,0,6.996112421,0,2.743388079,1685.879643,0,52.60810632,52.60810632,0
Libya,751.9676695,751.9676695,751.9676695,751.9676695,0,0,0,0,0,0,0,0,0,0,0,0,0,0,0,0,0,0,0,0,0,0,0,0,10.19047164,0.040694746,3.790840842,0,0,7.882671133,2.869876037,0.855564367,4.162041341,0.160070838,9.519526024,0,0,0,0,0,0,0,0,0,0,0,0,0
Lithuania,1204.417123,1204.417123,1204.417123,1261.081921,60.55783315,124.162419,124.162419,132.0992282,2.64560307,2.64560307,126.1466213,1.984202303,1.984202303,1.984202303,0,0,0,0,0,0,0,0,0,0,0,0,0,0,0,0,0,0,0,0,0,0,0,0,0,0,0,0,0,0,0,0,0,0,0,0,0,0
Luxembourg,7.909149337,7.909149337,7.909149337,7.909149337,0,0,0,0.015675921,0.005225307,0.005225307,0.00391898,0.00391898,0.00391898,0.00391898,0,0,0,0,0,0,0,0,0,0,0,0,0,0,0,0,0,0,0,0,0,0,0,0,0,0,0,0,0,0,0,0,0,0,0,0,0,0
Madagascar,41029.88911,41029.88911,41029.88911,41079.33747,66.02355763,196.7943368,196.7943368,241.7858898,14.99718434,14.99718434,208.0422251,11.24788825,11.24788825,11.24788825,194.4611726,0,0,0,72636.34002,0,0,0,0,608.5360404,416.6876075,416.1921673,0,0,248.3944536,7.600489432,98.10129301,0.203174716,1.035439952,178.626559,64.17759012,24.73734785,105.6219024,3.76174883,212.8873367,97951.24293,0,70766.39514,247.9442511,0,770.995259,0,311.9887743,667.6068954,0,44.24582812,44.24582812,0
Malawi,41145.11151,41145.11151,41145.11151,41310.0571,179.8281727,367.2583746,367.2583746,390.706762,7.816129162,7.816129162,373.1204714,5.862096872,5.862096872,5.862096872,192557.1954,0,0,0,0,0,0,0,0,0,0,0,0,0,56656.19992,5958.308542,25994.62349,170.9041978,878.450638,32696.58195,10431.34688,7126.838206,26852.92081,558.8448895,35459.82239,0,0,0,0,0,0,0,0,0,0,0,0,0
Malaysia,9550.382006,9550.382006,9550.382006,9558.463485,9.943211272,27.8671776,27.8671776,29.60012243,0.577648279,0.577648279,28.30041381,0.43323621,0.43323621,0.43323621,0,0,0,0,0,0,0,0,0,55.09435246,110.1887049,0,0,0,305.1000419,7.629667751,120.35844,0.186198375,0.961769783,221.6896138,79.41901362,28.50264059,130.0009724,4.486681232,263.9218557,5756.033973,0,2003.031446,1129.648803,0,52.63792096,0,28.47040893,0,0,0,0,0
Maldives,49.19041082,49.19041082,49.19041082,49.19041082,0,0,0,0.097495311,0.032498437,0.032498437,0.024373828,0.024373828,0.024373828,0.024373828,0,0,0,0,0,0,0,0,0,0,0,0,0,0,0.06192275,0.000251556,0.023130554,0,0,0.047732927,0.017444882,0.005275165,0.0253703,0.000989241,0.057781853,0,0,0,0,0,0,0,0,0,0,0,0,0
Mali,26971.51134,26971.51134,26971.51134,27437.60292,489.4394421,786.0794293,786.0794293,837.4484606,17.12301044,17.12301044,798.9216871,12.84225783,12.84225783,12.84225783,328047.2627,0,0,0,322639.1893,0,0,0,0,0,0,0,0,0,624.6184306,52.48142951,271.1621403,1.525658686,7.799474587,390.1065,130.4704046,75.45674433,283.4841222,7.359429085,438.6915663,0,0,0,0,0,0,0,0,1959.40133,0,149.9430534,149.9430534,0
Malta,5.265324158,5.265324158,5.265324158,5.265324158,0,0,0,0.010435864,0.003478621,0.003478621,0.002608966,0.002608966,0.002608966,0.002608966,0,0,0,0,0,0,0,0,0,0,0,0,0,0,0,0,0,0,0,0,0,0,0,0,0,0,0,0,0,0,0,0,0,0,0,0,0,0
Marshall Islands,25.05667407,25.05667407,25.05667407,25.05965957,0.003836887,0.010954256,0.010954256,0.060616542,0.016554095,0.016554095,0.023369827,0.012415571,0.012415571,0.012415571,0,0,0,0,0,0,0,0,0,0,0,0,0,0,1.296460893,0.005172778,0.482178533,0,0,1.003033706,0.365106168,0.108766278,0.529419954,0.020347123,1.211169637,0,0,0,0,0,0,0,0,0,0,0,0,0
Mauritania,5024.512978,5024.512978,5024.512978,5024.512978,0,0,0,0,0,0,0,0,0,0,3004.618262,0,0,0,3011.487917,0,0,0,0,0,0,0,0,0,174.7792268,10.3670891,72.52631681,0.296653062,1.514400963,117.0528014,40.56364975,19.37673313,76.84619161,2.323417471,135.4806061,0,0,0,0,0,0,0,0,252.5860171,0,0,0,0
Mauritius,104.365987,104.365987,104.365987,104.423548,0.091943475,0.392797301,0.392797301,0.416635466,0.007946055,0.007946055,0.398756842,0.005959541,0.005959541,0.005959541,0,0,0,0,0,0,0,0,0,0,0,0,0,0,6.609798319,0.026615142,2.463784536,0,0,5.104314146,1.861812905,0.558866987,2.703752946,0.104677145,6.171307193,0,0,0,0,0,0,0,0,37.92856929,0,0,0,0
Mexico,18876.24572,18876.24572,18876.24572,19217.36549,351.7945325,460.1974275,460.1974275,490.9831443,10.26190561,10.26190561,467.8938567,7.696429206,7.696429206,7.696429206,0,0,0,0,0,0,0,0,0,1.581405433,3.162810867,0,0,0,5098.529187,167.67032,2031.454203,4.308073496,22.25247626,3653.454819,1283.285014,476.3764697,2186.680866,69.02368977,4290.584645,0,0,0,0,0,0,0,0,0,0,0,0,0
Micronesia (Federated States of),34.08946939,34.08946939,34.08946939,34.08946939,0,0,0,0,0,0,0,0,0,0,0,0,0,0,0,0,0,0,0,0,0,0,0,0,0,0,0,0,0,0,0,0,0,0,0,0,0,0,0,0,0,0,0,0,0,0.339840888,0.11167678,0.228164109
Monaco,0,0,0,0,0,0,0,0,0,0,0,0,0,0,0,0,0,0,0,0,0,0,0,0,0,0,0,0,0,0,0,0,0,0,0,0,0,0,0,0,0,0,0,0,0,0,0,0,0,0,0,0
Mongolia,3535.333285,3535.333285,3535.333285,3573.15991,40.50582898,66.60903188,66.60903188,70.94441201,1.44512671,1.44512671,67.69287691,1.083845033,1.083845033,1.083845033,0,0,0,0,0,0,0,0,0,0,0,0,0,0,0.757107285,0.003246598,0.280481947,8.72E-06,4.45E-05,0.587467312,0.212852039,0.062642685,0.308205335,0.011651528,0.707360712,0,0,0,0,0,0,0,0,0,0,0,0,0
Montenegro,28.3188775,28.3188775,28.3188775,28.3188775,0,0,0,0.056127967,0.018709322,0.018709322,0.014031992,0.014031992,0.014031992,0.014031992,0,0,0,0,0,0,0,0,0,0,0,0,0,0,0,0,0,0,0,0,0,0,0,0,0,0,0,0,0,0,0,0,0,0,0,0,0,0
Montserrat,0,0,0,0,0,0,0,0,0,0,0,0,0,0,0,0,0,0,0,0,0,0,0,0,0,0,0,0,0,0,0,0,0,0,0,0,0,0,0,0,0,0,0,0,0,0,0,0,0,0,0,0
Morocco,22027.73796,22027.73796,22027.73796,22562.40943,550.0976027,701.7814747,701.7814747,748.8795315,15.69935228,15.69935228,713.5559889,11.77451421,11.77451421,11.77451421,0,0,0,0,0,0,0,0,0,0,0,0,0,0,264.677001,15.11991263,112.8092048,0.40937437,2.114539936,174.5439847,60.19092333,27.98262659,119.3370975,3.357864452,201.3737305,0,0,0,0,0,0,0,0,41.6376569,0,0,0,0
Mozambique,92525.49195,92525.49195,92525.49195,93871.65682,1446.549789,2589.994744,2589.994744,2757.268158,55.75780465,55.75780465,2631.813098,41.81835349,41.81835349,41.81835349,399309.014,0,0,0,0,0,0,0,0,0,0,0,0,0,174711.666,21562.33088,82863.26482,623.4167582,3202.534516,94559.13301,29259.12098,23538.03172,84823.092,1589.081004,99916.37334,562.671191,0,216.7788701,1155.462449,0,1219.818156,0,486.7607053,387.2401409,0,80.39646067,80.39646067,0
Myanmar,142131.9301,142131.9301,142131.9301,146343.5187,4536.649426,8492.764783,8492.764783,9039.150587,182.1286015,182.1286015,8629.361234,136.5964511,136.5964511,136.5964511,10170.46811,9019.564994,0,0,0,0,0,0,0,12972.70156,25945.40311,9878.503171,0,0,5782.986053,118.4162592,2232.46221,2.823091125,14.53999642,4291.7957,1533.900014,519.677979,2423.632421,84.2187594,5107.555767,0,0,0,0,0,0,0,0,0,0,44.79909549,44.79909549,0
Namibia,11687.76154,11687.76154,11687.76154,11687.76154,0,0,0,0,0,0,0,0,0,0,2849.594579,0,0,0,0,0,0,0,0,0,0,0,0,0,7435.697664,632.2347537,3355.426982,17.57211105,90.76516087,4500.157258,1475.317363,851.6514448,3496.18708,78.19938056,4994.039502,0,0,0,0,0,0,0,0,77.26237918,0,0,0,0
Nauru,0,0,0,0,0,0,0,0,0,0,0,0,0,0,0,0,0,0,0,0,0,0,0,0,0,0,0,0,0,0,0,0,0,0,0,0,0,0,0,0,0,0,0,0,0,0,0,0,0,0,0,0
Nepal,82435.92281,82435.92281,82435.92281,83957.36843,1650.595327,3210.556874,3210.556874,3416.371606,68.60491075,68.60491075,3262.010557,51.45368306,51.45368306,51.45368306,706.453412,0,0,0,0,0,0,0,0,2451.164999,4902.329997,0,0,0,171.4180882,8.601728018,70.79327177,0.236107096,1.213072285,116.7953011,40.7230097,17.92559698,75.33175549,2.292410147,135.9562114,327.5411615,0,138.6272717,1578.002614,0,92.98219778,0,53.74051905,0,0,82.57428187,11.27098206,71.30329981
Netherlands,287.3069791,287.3069791,287.3069791,288.1501728,1.064887461,2.850914747,2.850914747,3.028372887,0.059152713,0.059152713,2.895279282,0.044364535,0.044364535,0.044364535,0,0,0,0,0,0,0,0,0,0,0,0,0,0,0,0,0,0,0,0,0,0,0,0,0,0,0,0,0,0,0,0,0,0,0,0,0,0
New Caledonia,0,0,0,0,0,0,0,0,0,0,0,0,0,0,0,0,0,0,0,0,0,0,0,0,0,0,0,0,0,0,0,0,0,0,0,0,0,0,0,0,0,0,0,0,0,0,0,0,0,0,0,0
New Zealand,83.21957278,83.21957278,83.21957278,83.21957278,0,0,0,0,0,0,0,0,0,0,0,0,0,0,0,0,0,0,0,0,0,0,0,0,1.291507296,0.005153013,0.480336196,0,0,0.999201254,0.363711148,0.108350697,0.527397114,0.020269379,1.206541927,0,0,0,0,0,0,0,0,0,0,0,0,0
Nicaragua,1314.669505,1314.669505,1314.669505,1349.157013,36.92404616,64.71028053,64.71028053,68.89847422,1.396064564,1.396064564,65.75732895,1.047048423,1.047048423,1.047048423,0,0,0,0,0,0,0,0,0,0.346117487,0.692234974,0,0,0,144.5261236,3.025833889,56.04175278,0.072480232,0.372978364,106.7787776,38.32537662,13.21759793,60.77207289,2.14566534,127.387529,0,0,0,0,0,0,0,0,0,0,0,0,0
Niger,57558.43355,57558.43355,57558.43355,59008.48878,1575.544106,3272.082682,3272.082682,3480.791885,69.56973439,69.56973439,3324.259982,52.17730079,52.17730079,52.17730079,466676.4241,0,0,0,0,0,0,0,0,0,0,0,0,0,3195.15594,240.4525233,1362.004821,6.979718008,35.64630425,2051.180976,694.7204863,374.4828529,1430.981479,39.26063087,2330.759336,0,0,0,0,0,0,0,0,479.8998106,0,8.615316547,8.615316547,0
Nigeria,146774.1994,146774.1994,146774.1994,151271.1374,4599.433638,5903.496843,5903.496843,6299.684768,132.0626416,132.0626416,6002.543825,99.04698123,99.04698123,99.04698123,5578302.707,0,0,0,5578302.707,0,0,0,0,0,0,0,0,0,11257.84496,45.09530483,4191.03417,0,0,8702.904057,3170.698127,947.6507347,4600.61572,177.3725727,10514.54111,0,0,0,0,0,0,0,0,20801.15966,0,792.3475692,792.3475692,0
Niue,0,0,0,0,0,0,0,0,0,0,0,0,0,0,0,0,0,0,0,0,0,0,0,0,0,0,0,0,0,0,0,0,0,0,0,0,0,0,0,0,0,0,0,0,0,0,0,0,0,0,0,0
Northern Mariana Islands,13.33281094,13.33281094,13.33281094,13.33281094,0,0,0,0.026425609,0.008808536,0.008808536,0.006606402,0.006606402,0.006606402,0.006606402,0,0,0,0,0,0,0,0,0,0,0,0,0,0,0.1419708,0.000566452,0.052801648,0,0,0.109838638,0.039981472,0.011910606,0.057974888,0.002228141,0.13263086,0,0,0,0,0,0,0,0,0,0,0,0,0
Norway,121.9774202,121.9774202,121.9774202,122.3078005,0.451619479,1.408141093,1.408141093,1.494893487,0.028917465,0.028917465,1.429829192,0.021688098,0.021688098,0.021688098,0,0,0,0,0,0,0,0,0,0,0,0,0,0,0,0,0,0,0,0,0,0,0,0,0,0,0,0,0,0,0,0,0,0,0,0,0,0
Oman,282.0304017,282.0304017,282.0304017,282.6201574,0.880471801,3.320047756,3.320047756,3.522613216,0.06752182,0.06752182,3.370689121,0.050641365,0.050641365,0.050641365,0,0,0,0,0,0,0,0,0,0,0,0,0,0,0,0,0,0,0,0,0,0,0,0,0,0,0,0,0,0,0,0,0,0,0,0,0,0
Pakistan,439458.125,439458.125,439458.125,442852.9506,3470.698043,5096.655624,5096.655624,5433.60641,112.3169287,112.3169287,5180.893321,84.23769652,84.23769652,84.23769652,0,0,0,0,0,0,0,11767.7874,0,27028.57457,54057.14913,0,0,0,26.03032728,1.132068278,10.5166319,0.031622367,0.161248228,18.13231232,6.422982418,2.735208419,11.23816297,0.374943275,21.358864,0,0,0,0,0,0,0,0,0,0,0,0,0
Palau,0,0,0,0,0,0,0,0,0,0,0,0,0,0,0,0,0,0,0,0,0,0,0,0,0,0,0,0,0,0,0,0,0,0,0,0,0,0,0,0,0,0,0,0,0,0,0,0,0,0,0,0
Panama,1549.767981,1549.767981,1549.767981,1558.304155,10.7456883,31.2240325,31.2240325,33.16031025,0.645425916,0.645425916,31.70810194,0.484069437,0.484069437,0.484069437,0,0,0,0,0,0,0,0,0,0.242352084,0.484704167,0,0,0,85.35176968,0.814794551,31.92817627,0.01420836,0.073358486,65.5112959,23.51200229,7.12932548,34.97327945,1.262145399,78.3561765,0,0,0,0,0,0,0,0,0,0,0,0,0
Papua New Guinea,3576.024574,3576.024574,3576.024574,3692.156362,119.0282236,150.9313819,150.9313819,161.0726172,3.380411776,3.380411776,153.4666907,2.535308832,2.535308832,2.535308832,1633.349558,0,0,0,0,0,0,0,0,0,0,10821.84003,0,0,488.0574789,11.52414897,187.9681507,0.291612756,1.493543287,361.5831784,128.4103185,44.26400007,203.9210501,6.951483027,428.4318557,9.60127243,0,3.268538309,45.58453543,0,0,0,0,0,0,12.14110521,4.350441359,7.790663851
Paraguay,2003.624687,2003.624687,2003.624687,2005.598878,2.76687917,9.885532813,9.885532813,10.49095471,0.201807298,0.201807298,10.03688829,0.151355473,0.151355473,0.151355473,0,0,0,0,0,0,0,0,0,0,0,0,0,0,257.9634579,8.783724323,102.8867167,0.231167636,1.187694302,183.9926043,65.25746928,25.15387146,110.6061045,3.668045595,217.2787802,0,0,0,0,0,0,0,0,0,0,0,0,0
Peru,15006.97943,15006.97943,15006.97943,15200.25599,222.2279317,514.9200971,514.9200971,547.399677,10.82652665,10.82652665,523.0399921,8.119894985,8.119894985,8.119894985,0,0,0,0,0,0,0,0,0,1.196234848,2.392469695,0,0,0,959.7931793,10.39263805,360.6671473,0.19594433,1.010500031,733.3235503,263.3556617,81.18496645,394.5760972,14.23349847,877.152405,0,0,0,0,0,0,0,0,0,0,0,0,0
Philippines,162824.6015,162824.6015,162824.6015,170162.6233,7477.267264,9159.726138,9159.726138,9778.207342,206.1604013,206.1604013,9314.346439,154.6203009,154.6203009,154.6203009,4740.192129,0,0,0,0,0,0,0,0,780.7375272,1561.475054,0,0,0,1047.283332,38.71176356,416.0661096,1.061561855,5.416926135,745.7681278,264.1299542,104.6894466,446.9414811,14.93127279,879.5024512,0,0,0,0,0,0,0,0,2044.105762,0,15.53010748,15.53010748,0
Poland,3828.130026,3828.130026,3828.130026,3830.375378,3.364407501,12.61524575,12.61524575,13.38498384,0.256579361,0.256579361,12.80768028,0.192434521,0.192434521,0.192434521,0,0,0,0,0,0,0,0,0,0,0,0,0,0,0,0,0,0,0,0,0,0,0,0,0,0,0,0,0,0,0,0,0,0,0,0,0,0
Portugal,1130.828209,1130.828209,1130.828209,1132.026707,1.691882226,5.800337484,5.800337484,6.155987915,0.118550144,0.118550144,5.889250092,0.088912608,0.088912608,0.088912608,0,0,0,0,0,0,0,0,0,0,0,0,0,0,0,0,0,0,0,0,0,0,0,0,0,0,0,0,0,0,0,0,0,0,0,0,0,0
Puerto Rico,115.4167953,115.4167953,115.4167953,115.4167953,0,0,0,0.228755892,0.076251964,0.076251964,0.057188973,0.057188973,0.057188973,0.057188973,0,0,0,0,0,0,0,0,0,0,0,0,0,0,26.54342352,0.105906183,9.872005452,0,0,20.53586701,7.475094462,2.226854192,10.83921477,0.416582017,24.7971912,0,0,0,0,0,0,0,0,0,0,0,0,0
Qatar,103.0305226,103.0305226,103.0305226,103.0305226,0,0,0,0,0,0,0,0,0,0,0,0,0,0,0,0,0,0,0,0,0,0,0,0,0.715752651,0.002855797,0.266202062,0,0,0.553756799,0.201568523,0.060047898,0.292283198,0.011233279,0.668664889,0,0,0,0,0,0,0,0,0,0,0,0,0
Republic of Korea,28463.73616,28463.73616,28463.73616,28625.80217,201.0367152,565.7989513,565.7989513,600.9626117,11.72122015,11.72122015,574.5898664,8.790915112,8.790915112,8.790915112,0,0,0,0,0,0,0,0,0,0,0,0,0,0,0,0,0,0,0,0,0,0,0,0,0,0,0,0,0,0,0,0,0,0,0,0,0,0
Republic of Moldova,1245.048173,1245.048173,1245.048173,1424.473537,185.498311,295.4089536,295.4089536,314.7580118,6.449686062,6.449686062,300.2462182,4.837264547,4.837264547,4.837264547,0,0,0,0,0,0,0,0,0,0,0,0,0,0,0,0,0,0,0,0,0,0,0,0,0,0,0,0,0,0,0,0,0,0,0,0,0,0
Romania,7969.025457,7969.025457,7969.025457,8057.65509,99.91994231,229.9688456,229.9688456,244.4986931,4.843282514,4.843282514,233.6013075,3.632461885,3.632461885,3.632461885,0,0,0,0,0,0,0,0,0,0,0,0,0,0,0,0,0,0,0,0,0,0,0,0,0,0,0,0,0,0,0,0,0,0,0,0,0,0
Russia,73667.60146,73667.60146,73667.60146,78599.2291,5489.026096,11583.18175,11583.18175,12319.90856,245.5756016,245.5756016,11767.36345,184.1817012,184.1817012,184.1817012,0,0,0,0,0,0,0,0,0,0,0,0,0,0,0,0,0,0,0,0,0,0,0,0,0,0,0,0,0,0,0,0,0,0,0,0,0,0
Rwanda,27187.72242,27187.72242,27187.72242,27187.72242,0,0,0,0,0,0,0,0,0,0,13478.0046,0,0,0,0,0,0,0,0,0,0,0,0,0,4443.186966,402.6075605,1989.812853,11.38995099,58.65413808,2686.538773,870.1717346,520.4848907,2070.953666,45.22083944,2957.016385,4533.795291,6419.740768,0,3191.721537,1967.042607,68.02904491,56.61486876,0,0,0,0,0,0
Saint Kitts and Nevis,0,0,0,0,0,0,0,0,0,0,0,0,0,0,0,0,0,0,0,0,0,0,0,0,0,0,0,0,0,0,0,0,0,0,0,0,0,0,0,0,0,0,0,0,0,0,0,0,0,0,0,0
Saint Lucia,41.70092799,41.70092799,41.70092799,41.70092799,0,0,0,0.082651168,0.027550389,0.027550389,0.020662792,0.020662792,0.020662792,0.020662792,0,0,0,0,0,0,0,0,0,0,0,0,0,0,31.15926499,0.111040128,11.24565922,0,0,24.65781241,8.725119468,2.371361002,12.41779713,0.43741392,29.32286424,0,0,0,0,0,0,0,0,0,0,0,0,0
Saint Vincent and the Grenadines,21.988036,21.988036,21.988036,21.988036,0,0,0,0.04358025,0.01452675,0.01452675,0.010895062,0.010895062,0.010895062,0.010895062,0,0,0,0,0,0,0,0,0,0,0,0,0,0,5.81861243,0.020735389,2.099989602,0,0,4.604545511,1.629309568,0.442822724,2.318872052,0.081681711,5.475687003,0,0,0,0,0,0,0,0,0,0,0,0,0
Samoa,34.77294653,34.77294653,34.77294653,34.77294653,0,0,0,0.068919921,0.022973307,0.022973307,0.01722998,0.01722998,0.01722998,0.01722998,0,0,0,0,0,0,0,0,0,0,0,0,0,0,0.722184313,0.002881459,0.26859412,0,0,0.558732787,0.203379792,0.060587481,0.294909617,0.01133422,0.674673426,0,0,0,0,0,0,0,0,0,0,0.100477229,0.033018315,0.067458915
San Marino,0,0,0,0,0,0,0,0,0,0,0,0,0,0,0,0,0,0,0,0,0,0,0,0,0,0,0,0,0,0,0,0,0,0,0,0,0,0,0,0,0,0,0,0,0,0,0,0,0,0,0,0
Sao Tome and Principe,160.2272591,160.2272591,160.2272591,160.2272591,0,0,0,0.317570155,0.105856718,0.105856718,0.079392539,0.079392539,0.079392539,0.079392539,0,0,0,0,99.49327252,0,0,0,0,0,0,0,0,0,0.598309971,0.002389298,0.222570451,0,0,0.462812802,0.168498133,0.050232483,0.24436463,0.009398189,0.558916951,30.67562633,0,11.82108803,4.018489604,0,3.79744984,0,1.515461008,19.87960522,0,1.390418957,1.390418957,0
Saudi Arabia,4807.055858,4807.055858,4807.055858,4826.365557,22.94428292,66.7207116,66.7207116,70.86938716,1.382891854,1.382891854,67.75788049,1.03716889,1.03716889,1.03716889,0,0,0,0,0,0,0,66.95887175,0,0,0,0,0,0,0,0,0,0,0,0,0,0,0,0,0,0,0,0,0,0,0,0,0,0,0,0,0,0
Senegal,56658.35589,56658.35589,56658.35589,56658.35589,0,0,0,0,0,0,0,0,0,0,21161.10138,0,0,0,21394.80166,0,0,0,0,0,0,0,0,0,2452.079666,144.9316484,1014.788751,4.123448059,21.08588751,1649.464793,567.0587164,265.5696227,1076.333084,31.33297855,1899.787,0,0,0,0,0,0,0,0,2775.041427,0,12.98091187,12.98091187,0
Serbia,947.9922686,947.9922686,947.9922686,948.721617,1.105242887,4.131198899,4.131198899,4.383208039,0.084003047,0.084003047,4.194201184,0.063002285,0.063002285,0.063002285,0,0,0,0,0,0,0,0,0,0,0,0,0,0,0,0,0,0,0,0,0,0,0,0,0,0,0,0,0,0,0,0,0,0,0,0,0,0
Seychelles,10.15659703,10.15659703,10.15659703,10.15659703,0,0,0,0.020130358,0.006710119,0.006710119,0.00503259,0.00503259,0.00503259,0.00503259,0,0,0,0,0,0,0,0,0,0,0,0,0,0,8.48475439,0.033883115,3.15631647,0,0,6.563241708,2.389506017,0.712356971,3.465384114,0.133277614,7.926114027,1.078608873,0,0.415552842,1.571790845,0,3.435382115,0,1.370867463,0,0,0,0,0
Sierra Leone,15780.57621,15780.57621,15780.57621,15780.57621,0,0,0,0,0,0,0,0,0,0,77319.02046,0,0,0,77319.02046,0,0,0,0,0,0,0,0,0,230.2234911,7.360091408,90.63988168,0.197616233,1.008822266,166.0107626,59.07059482,22.45510779,97.66524988,3.333678649,196.5568791,0,0,0,0,0,0,0,0,63.29730796,0,10.96107054,10.96107054,0
Singapore,303.7645722,303.7645722,303.7645722,303.9371724,0.273624271,1.120562726,1.120562726,1.188655275,0.022697516,0.022697516,1.137585863,0.017023137,0.017023137,0.017023137,0,0,0,0,0,0,0,0,0,0,0,0,0,0,2.229570473,0.009057427,0.832831222,0,0,1.7186563,0.628114769,0.189935867,0.913474794,0.035618281,2.080474685,0,0,0,0,0,0,0,0,0,0,0,0,0
Sint Maarten (Dutch part),0,0,0,0,0,0,0,0,0,0,0,0,0,0,0,0,0,0,0,0,0,0,0,0,0,0,0,0,0,0,0,0,0,0,0,0,0,0,0,0,0,0,0,0,0,0,0,0,0,0,0,0
Slovakia,202.9356107,202.9356107,202.9356107,204.7128157,2.363623833,6.990202957,6.990202957,7.422285407,0.144027483,0.144027483,7.098223569,0.108020613,0.108020613,0.108020613,0,0,0,0,0,0,0,0,0,0,0,0,0,0,0,0,0,0,0,0,0,0,0,0,0,0,0,0,0,0,0,0,0,0,0,0,0,0
Slovenia,74.01800833,74.01800833,74.01800833,74.01800833,0,0,0,0.146703567,0.048901189,0.048901189,0.036675892,0.036675892,0.036675892,0.036675892,0,0,0,0,0,0,0,0,0,0,0,0,0,0,0,0,0,0,0,0,0,0,0,0,0,0,0,0,0,0,0,0,0,0,0,0,0,0
Solomon Islands,452.421741,452.421741,452.421741,453.0919826,0.681029937,0.767692552,0.767692552,1.311409927,0.181239125,0.181239125,0.903621896,0.135929344,0.135929344,0.135929344,284.0885601,0,0,0,0,0,0,0,0,0,0,0,0,0,13.46047936,0.053706259,5.006208998,0,0,10.41397745,3.790707505,1.129263709,5.496692112,0.211253595,12.57494461,0.047978882,0,0.016360003,4.650188382,0,0.639647627,0,0.3093599,0,0,0,0,0
Somalia,74136.21534,74136.21534,74136.21534,74136.21534,0,0,0,0,0,0,0,0,0,0,832.0145444,0,0,0,0,0,32354.66687,0,0,0,0,0,0,0,245.7611043,18.57764675,104.7860002,0.542837686,2.7676375,157.3794608,53.61961318,29.336359,110.0154743,3.118358944,179.5088062,0,0,0,0,0,0,0,0,3707.893036,0,0,0,0
South Africa,243878.679,243878.679,243878.679,245146.2599,1356.272687,2132.345342,2132.345342,2271.724574,46.45974407,46.45974407,2167.19015,34.84480806,34.84480806,34.84480806,904.6407359,0,0,0,0,0,0,0,0,0,0,0,397.206915,403.7605444,30935.21522,3314.396912,14444.81091,94.25752379,485.3922392,17476.86185,5577.15194,3925.116726,14886.25181,305.5632718,18926.67404,294.6474879,316.0079939,0,1475.188921,1181.006544,968.4318502,970.1263898,0,0,0,0,0,0
South Sudan,0,0,0,0,0,0,0,0,0,0,0,0,0,0,0,0,0,0,93316.63877,0,0,0,0,0,0,0,0,0,2371.793059,90.36534773,947.6979003,2.488456247,12.689093,1677.437735,596.5487217,242.1918011,1016.322424,34.53949793,1983.038248,0,0,0,0,0,0,0,0,1288.186404,0,0.35730304,0.35730304,0
Spain,1739.011749,1739.011749,1739.011749,1739.011749,0,0,0,0.211607562,0.070535854,0.070535854,0.052901891,0.052901891,0.052901891,0.052901891,0,0,0,0,0,0,0,0,0,0,0,0,0,0,6334.806294,64.86950277,2360.516372,1.197157128,6.183671331,4874.832017,1737.713286,520.5550115,2587.028538,91.13820963,5807.884828,0,0,0,0,0,0,0,0,0,0,0,0,0
Sri Lanka,4945.17386,4945.17386,4945.17386,4946.486367,2.053454777,7.927055847,7.927055847,8.409709666,0.160884606,0.160884606,8.047719302,0.120663455,0.120663455,0.120663455,0,0,0,0,0,0,0,0,0,0,0,0,0,0,20.849787,1.470348101,8.949992724,0.041669581,0.213722588,13.39343153,4.573784409,2.393573939,9.410570457,0.261992474,15.31112349,0,0,0,0,0,0,0,0,0,0,0,0,0
Sudan,16687.42751,16687.42751,16687.42751,16904.73563,226.2102871,383.3823547,383.3823547,408.3312601,8.316301796,8.316301796,389.619581,6.237226347,6.237226347,6.237226347,750.852402,0,0,0,0,0,29198.5032,0,0,0,0,0,0,0,102.1221689,5.314618139,41.92901008,0.150505187,0.768104902,69.54352699,24.38848496,11.09416144,44.58302876,1.419952268,81.24256203,0,0,0,0,0,0,0,0,224.0683119,0,0.434616739,0.434616739,0
Suriname,64.02596661,64.02596661,64.02596661,64.02596661,0,0,0,0.126899357,0.042299786,0.042299786,0.031724839,0.031724839,0.031724839,0.031724839,0.082036971,0,0,0,0,0,0,0,0,0.126029208,0.252058416,0,0,0,21.25613721,0.38287626,8.155657133,0.008746472,0.045178121,15.89574247,5.674230539,1.863203802,8.871756072,0.307221282,18.91441196,0,0,0,0,0,0,0,0,0,0,0,0,0
Swaziland,7452.938799,7452.938799,7452.938799,7702.774287,269.3056743,470.2504501,470.2504501,500.6779059,10.14248525,10.14248525,477.857314,7.606863938,7.606863938,7.606863938,0,0,0,0,0,0,0,0,0,0,0,0,0,0,2188.450988,175.7449135,964.7063055,4.927317728,25.38854911,1361.400613,450.1677767,248.4482106,1009.12217,23.90434991,1521.642289,25.70599428,27.71038113,0,237.3740904,188.7662828,28.26442591,39.12716612,0,0,0,0,0,0
Sweden,214.4133124,214.4133124,214.4133124,215.3979507,1.256969163,3.441133641,3.441133641,3.654984804,0.071283721,0.071283721,3.494596432,0.053462791,0.053462791,0.053462791,0,0,0,0,0,0,0,0,0,0,0,0,0,0,0,0,0,0,0,0,0,0,0,0,0,0,0,0,0,0,0,0,0,0,0,0,0,0
Switzerland,128.6321048,128.6321048,128.6321048,129.6376013,1.188249689,2.630090071,2.630090071,2.796178979,0.055362969,0.055362969,2.671612298,0.041522227,0.041522227,0.041522227,0,0,0,0,0,0,0,0,0,0,0,0,0,0,0,0,0,0,0,0,0,0,0,0,0,0,0,0,0,0,0,0,0,0,0,0,0,0
Syrian Arab Republic,542.0139726,542.0139726,542.0139726,553.8723477,12.94169886,39.57316645,39.57316645,42.03804809,0.821627214,0.821627214,40.18938686,0.616220411,0.616220411,0.616220411,0,0,0,0,0,0,0,0,0,0,0,0,0,0,0,0,0,0,0,0,0,0,0,0,0,0,0,0,0,0,0,0,0,0,0,0,0,0
Tajikistan,5252.55447,5252.55447,5252.55447,5362.095877,115.824407,177.1369528,177.1369528,188.7596651,3.874237423,3.874237423,180.0426309,2.905678067,2.905678067,2.905678067,0,0,0,0,0,0,0,0,0,0,0,0,0,0,85.59264437,10.75131439,42.58490228,0.302851582,1.56431817,43.64596991,13.49700813,11.5525002,43.37718652,0.775622297,45.93105323,0,0,0,0,0,0,0,0,0,0,0,0,0
Tanzania,101724.6257,101724.6257,101724.6257,102491.1233,793.6142339,1147.362331,1147.362331,1223.240418,25.29269567,25.29269567,1166.331853,18.96952176,18.96952176,18.96952176,260861.3813,0,0,0,0,0,0,0,0,0,0,0,0,0,4516.525599,18.03634493,1680.141048,0,0,3493.683827,1271.959635,379.1952424,1844.661064,70.94510072,4219.155353,0,0,0,0,0,0,0,0,9976.079127,0,58.8635284,58.8635284,0
Thailand,38644.38157,38644.38157,38644.38157,38791.9714,182.8863314,608.8688712,608.8688712,646.4293503,12.52015971,12.52015971,618.2589909,9.390119781,9.390119781,9.390119781,0,0,0,0,0,0,0,0,0,1021.206545,2042.41309,0,0,0,11191.26344,54.65159636,4124.469531,0.351720713,1.816741711,8716.229597,3134.057762,906.1863289,4536.341961,166.8671607,10447.9595,0,0,0,0,0,0,0,0,0,0,0,0,0
The Former Yugoslav Republic of Macedonia,324.1308845,324.1308845,324.1308845,324.7614541,0.860122163,3.17669729,3.17669729,3.371208457,0.064837056,0.064837056,3.225325082,0.048627792,0.048627792,0.048627792,0,0,0,0,0,0,0,0,0,0,0,0,0,0,0,0,0,0,0,0,0,0,0,0,0,0,0,0,0,0,0,0,0,0,0,0,0,0
Timor-Leste,1044.436586,1044.436586,1044.436586,1045.258819,0.835467623,0.999625863,0.999625863,2.935145521,0.645173219,0.645173219,1.483505778,0.483879915,0.483879915,0.483879915,111.8603093,0,0,0,0,0,0,0,0,23.45774886,46.91549772,0,0,0,4.048059618,0.016444873,1.512107592,0,0,3.120432051,1.140419674,0.344851945,1.658525923,0.064669373,3.777357862,0,0,0,0,0,0,0,0,0,0,134.1476865,18.12480918,116.0228773
Togo,12302.57833,12302.57833,12302.57833,12302.57833,0,0,0,35.29055468,11.76351823,11.76351823,8.822638671,8.822638671,8.822638671,8.822638671,59645.85024,0,0,0,59937.14521,0,0,0,0,0,0,0,0,0,809.5066978,47.42562403,335.8055731,1.340575092,6.864021868,543.9958704,187.1129063,87.29311349,356.1473928,10.34130364,626.7847897,0,0,0,0,0,0,0,0,1014.731831,0,0,0,0
Tokelau,0,0,0,0,0,0,0,0,0,0,0,0,0,0,0,0,0,0,0,0,0,0,0,0,0,0,0,0,0,0,0,0,0,0,0,0,0,0,0,0,0,0,0,0,0,0,0,0,0,0,0,0
Tonga,11.65891196,11.65891196,11.65891196,11.65891196,0,0,0,0.023107944,0.007702648,0.007702648,0.005776986,0.005776986,0.005776986,0.005776986,0,0,0,0,0,0,0,0,0,0,0,0,0,0,0.124466196,0.00049661,0.046291352,0,0,0.096295839,0.035051868,0.010442062,0.050826745,0.001953417,0.116277844,0,0,0,0,0,0,0,0,0,0,0,0,0
Trinidad and Tobago,123.3798555,123.3798555,123.3798555,123.3798555,0,0,0,0.244538664,0.081512888,0.081512888,0.061134666,0.061134666,0.061134666,0.061134666,0,0,0,0,0,0,0,0,0,0,0,0,0,0,148.2949441,3.678294628,57.78804919,0.090507264,0.467496839,108.9599851,38.53560618,13.3081861,62.57737843,2.063187716,128.7449442,0,0,0,0,0,0,0,0,0,0,0,0,0
Tunisia,2280.466007,2280.466007,2280.466007,2283.028147,3.192132324,11.26725003,11.26725003,11.96055006,0.231100012,0.231100012,11.44057503,0.173325009,0.173325009,0.173325009,0,0,0,0,0,0,0,0,0,0,0,0,0,0,48.46108072,0.196225616,18.08796261,0,0,37.38092174,13.65170035,4.116917362,19.84324955,0.771692418,45.22992749,0,0,0,0,0,0,0,0,0,0,0,0,0
Turkey,6779.382528,6779.382528,6779.382528,6819.675506,47.8566525,128.3856233,128.3856233,136.4013533,2.671909995,2.671909995,130.3895558,2.003932497,2.003932497,2.003932497,0,0,0,0,0,0,0,0,0,0,0,0,0,0,0,0,0,0,0,0,0,0,0,0,0,0,0,0,0,0,0,0,0,0,0,0,0,0
Turkmenistan,3752.018067,3752.018067,3752.018067,3752.018067,0,0,0,0,0,0,0,0,0,0,0,0,0,0,0,0,0,0,0,0,0,0,0,0,0,0,0,0,0,0,0,0,0,0,0,0,0,0,0,0,0,0,0,0,0,0,0,0
Turks and Caicos Islands,0,0,0,0,0,0,0,0,0,0,0,0,0,0,0,0,0,0,0,0,0,0,0,0,0,0,0,0,0,0,0,0,0,0,0,0,0,0,0,0,0,0,0,0,0,0,0,0,0,0,0,0
Tuvalu,0,0,0,0,0,0,0,0,0,0,0,0,0,0,0,0,0,0,0,0,0,0,0,0,0,0,0,0,0,0,0,0,0,0,0,0,0,0,0,0,0,0,0,0,0,0,0,0,0,0,0,0
Uganda,82802.69064,82802.69064,82802.69064,83725.51571,937.6790422,1113.1859,1113.1859,1188.67418,25.16275977,25.16275977,1132.05797,18.87206983,18.87206983,18.87206983,4116612.971,0,0,0,0,0,0,0,0,0,0,0,0,0,59920.99328,4624.633626,26052.85227,130.6201227,671.5826541,37853.50329,12631.19959,6813.695695,27316.29841,681.5343655,42585.21805,0,0,0,0,0,0,0,0,8391.677978,0,12.21698608,12.21698608,0
Ukraine,24087.09708,24087.09708,24087.09708,27366.42445,3451.34691,5220.105596,5220.105596,5563.153712,114.3493721,114.3493721,5305.867625,85.7620291,85.7620291,85.7620291,0,0,0,0,0,0,0,0,0,0,0,0,0,0,2939.448571,42.0089538,1125.131282,0.888545727,4.576349511,2206.082821,798.449799,262.3476358,1225.105021,45.13048271,2649.114449,0,0,0,0,0,0,0,0,0,0,0,0,0
United Arab Emirates,672.6493431,672.6493431,672.6493431,672.6493431,0,0,0,1.333189853,0.444396618,0.444396618,0.333297463,0.333297463,0.333297463,0.333297463,0,0,0,0,0,0,0,0,0,0,0,0,0,0,27.43915659,0.109480088,10.20514567,0,0,21.22886937,7.727348635,2.302001505,11.20499438,0.430639974,25.633996,0,0,0,0,0,0,0,0,0,0,0,0,0
United Kingdom of Great Britain and Northern Ireland,1807.058047,1807.058047,1807.058047,1809.130375,3.05445094,10.80294986,10.80294986,11.46366917,0.220239771,0.220239771,10.96812969,0.165179828,0.165179828,0.165179828,0,0,0,0,0,0,0,0,0,0,0,0,0,0,0,0,0,0,0,0,0,0,0,0,0,0,0,0,0,0,0,0,0,0,0,0,0,0
United States,4603.49232,4603.49232,4603.49232,4603.49232,0,0,0,1.715387727,0.571795909,0.571795909,0.428846932,0.428846932,0.428846932,0.428846932,0,0,0,0,0,0,0,0,0,0,0,0,0,0,754.5837707,3.0107302,280.644096,0,0,583.7992959,212.5040487,63.30562567,308.1401894,11.84270857,704.9413963,0,0,0,0,0,0,0,0,0,0,0,0,0
Uruguay,277.8577328,277.8577328,277.8577328,277.9187719,0.105027085,0.452072588,0.452072588,0.479453691,0.009127034,0.009127034,0.458917863,0.006845276,0.006845276,0.006845276,0,0,0,0,0,0,0,0,0,0,0,0,0,0,27.26669516,0.404581082,10.35222251,0.008726193,0.045073373,20.61113119,7.36351895,2.338590899,11.29257158,0.395458792,24.55642249,0,0,0,0,0,0,0,0,0,0,0,0,0
US Virgin Islands,6.730051203,6.730051203,6.730051203,6.730051203,0,0,0,0,0,0,0,0,0,0,0,0,0,0,0,0,0,0,0,0,0,0,0,0,0,0,0,0,0,0,0,0,0,0,0,0,0,0,0,0,0,0,0,0,0,0,0,0
Uzbekistan,14054.55567,14054.55567,14054.55567,15727.41799,1726.736239,2775.030436,2775.030436,2956.660885,60.54348294,60.54348294,2820.438048,45.40761221,45.40761221,45.40761221,0,0,0,0,0,0,0,0,0,0,0,0,0,0,142.337195,1.471605375,54.04201143,0.02605899,0.134602407,107.8683418,39.18371098,12.46005575,58.99905488,2.215965276,129.9254056,0,0,0,0,0,0,0,0,0,0,0,0,0
Vanuatu,160.7623842,160.7623842,160.7623842,160.7623842,0,0,0,0.318630772,0.106210257,0.106210257,0.079657693,0.079657693,0.079657693,0.079657693,0,0,0,0,0,0,0,0,0,0,0,0,0,0,16.67572864,0.066534852,6.202021526,0,0,12.90152136,4.696178197,1.399006281,6.809664321,0.261714871,15.57866984,11.33437664,10.63012055,0,10.07202354,6.025582515,0.5341677,0.637930318,0,0,0,0,0,0
Venezuela,4118.42451,4118.42451,4118.42451,4201.596959,90.09092099,161.0220043,161.0220043,171.4160983,3.464698014,3.464698014,163.6205278,2.598523511,2.598523511,2.598523511,0,0,0,1.619476727,0,1.619476727,0,0,0,2.401052272,4.802104545,0,0,0,629.3543074,2.242786621,227.1396347,0,0,498.038078,176.2298154,47.8967094,250.8144565,8.834878961,592.2627161,1260.972565,598.7403654,0,42.7093264,3.340608402,381.0532264,743.9550248,0,0,0,0,0,0
Viet Nam,96668.32631,96668.32631,96668.32631,97129.90664,495.6658708,839.5428053,839.5428053,894.0275461,18.16158028,18.16158028,853.1639905,13.62118521,13.62118521,13.62118521,0,0,0,0,0,0,0,0,0,2047.64311,4095.286219,0,902.2367065,916.858434,0,0,0,0,0,0,0,0,0,0,0,0,0,0,0,0,0,0,0,0,0,0,0,0
Wallis and Futuna Islands,0,0,0,0,0,0,0,0,0,0,0,0,0,0,0,0,0,0,0,0,0,0,0,0,0,0,0,0,0,0,0,0,0,0,0,0,0,0,0,0,0,0,0,0,0,0,0,0,0,0,0,0
West Bank and Gaza Strip,0,0,0,0,0,0,0,0,0,0,0,0,0,0,0,0,0,0,0,0,0,0,0,0,0,0,0,0,0,0,0,0,0,0,0,0,0,0,0,0,0,0,0,0,0,0,0,0,0,0,0,0
Yemen,16368.64128,16368.64128,16368.64128,16368.64128,0,0,0,0,0,0,0,0,0,0,0,0,0,0,0,0,3746.120024,0,0,0,0,0,0,0,7.77494307,0.616182178,3.372632972,0.017737993,0.090796326,4.887400068,1.652592482,0.929296135,3.530873771,0.095288808,5.540475103,0,0,0,0,0,0,0,0,345.3619347,0,0,0,0
Zambia,35918.25475,35918.25475,35918.25475,36151.12314,255.7504639,556.7459457,556.7459457,592.1132016,11.78908529,11.78908529,565.5877597,8.84181397,8.84181397,8.84181397,129793.7655,0,0,0,0,0,0,0,0,0,0,0,0,0,20236.19922,2806.442844,9888.275336,81.23781156,417.5638065,10325.47887,3075.170806,2842.695601,10049.21406,164.1604248,10586.87002,0,0,0,0,0,0,0,0,659.8353936,0,6.462994918,6.462994918,0
Zimbabwe,62462.86757,62462.86757,62462.86757,62756.26034,321.2061557,564.5795498,564.5795498,601.0420858,12.15417866,12.15417866,573.6951838,9.115633998,9.115633998,9.115633998,1080.729268,0,0,0,0,0,0,0,0,0,0,0,0,0,52929.8065,5400.582305,24512.04137,152.7704359,787.3938136,30429.66556,9741.31085,6523.241702,25328.33578,521.8486973,33087.55183,0,0,0,0,0,0,0,0,526.277072,0,0.000368609,0.000368609,0
