2013,,,,,,,,,,,,,,,,,,,,,,,,,,,,,,,,,,,,,,,,,,,,,,,,,,,,,,,,,,,,,,,,,,,,,,
,TB,,,,,,,Malaria (p.falc),,,,,,,,,,,,,,,,,,,Malaria (p.vivax),,,,,,,,,,Malaria,HIV,,,,,,,,,,,,RoundWorm,,,Hookworm,,Whipworm,,,,,,Worms,Schistosomiasis,,Onchocerciasis,,LF,,,Total,
Country,Impact of Active TB/HIV+ Treatment Regimen,Impact of Active TB/HIV- Treatment Regimen,Impact of MDR-TB Treatment Regimen,,,Impact of XDR-TB Treatment Regimen,Total Impact,AL,AL+PQ,AM,ART+NQ,ART + PPQ,AS + AQ,AS+MQ,AS + MQ + PQ,AS + SP,AS + SP + PQ,AT + PG,CQ + PQ,DHA-PPQ,DHA-PPQ+PQ,PQ,QN,CL,D,Total Impact (p.falc),CQ + PQ,CQ,DHA-PPQ,QN,AL,AL+PQ,AS,AS + AQ,AS + AQ + PQ,Total Impact (p.vivax),Total Impact,Impact of 3TC,Impact of ABC,Impact of AZT,Impact of ddl,Impact of d4T,Impact of EFV,Impact of FTC,Impact of LPV/r,Impact of NVP,Impact of TDF,Impact of ATV/r,Total Impact,Alb,Mbd,Ivm+Alb,Alb,Mbd,Alb,Mbd,Ivm+Alb,Impact of Roundworm,Impact of Hookworm,Impact of Whipworm,Total Impact,PZQ,Total Impact,Impact of Ivermectin,Total Impact,Impact of Single dose of DEC (6mg/kg)+ALB(400mg),Impact of Combination of ALB(400mg)+IVM(400ug/kg),Total Impact,,
Drug,"isoniazid (H or INH), rifampin (R or RMP), ethambutol (E or EMB), and pyrazinamide (Z or PZA).","isoniazid (H or INH), rifampin (R or RMP), ethambutol (E or EMB), and pyrazinamide (Z or PZA).",Z+S or STR+Lfx+Eto+Cs+PAS,S or STR+Lfx+Eto+Cs+PAS,Km+Lfx+Eto+Cs+PAS,Cs+Km(or)Amk(or)Cm+Lfx(or)Mfx(or)Gfx(or)Ofx,,,,,,,,,,,,,,,,,,,,,,,,,,,,,,,,,,,,,,,,,,,,,,,,,,,,,,,,,,,,,,,,
Total,"4,364,284.80","39,005,975.64","43,734.04","1,717.79","20,035.58","55,728.74","43,491,476.59","10,940,106.05","1,581.21","14,092.73",59.91,63.15,"7,960,542.06","18,025.10",790.25,"24,589.11","537,740.84",9.52,"1,715.55","18,358.99","9,474.71","12,948.77","3,271.53",994.83,"1,092.39","19,547,543.90","574,008.30","161,573.61","9,065.96","1,851.99","4,105.55","9,869.37",0,"4,261.77","9,035.50","773,772.03","20,321,315.94","1,657,585.18","23,397.50","864,338.42","3,816.45","565,363.09","485,058.31","162,518.00","49,601.99","1,283,039.54","374,543.94","6,929.70","5,476,192.13","18,701.03",10.56,"5,000.95","9,280.15","1,343.28","2,753.48","1,220.43",723.6,"23,712.54","10,623.43","4,697.51","39,033.48","95,171.88","95,171.88","1,979.86","1,979.86",961.48,920.51,"1,881.99","69,427,051.87","43,472,093.68"
 Afghanistan,321.75,"418,114.79",38.07,0.57,12.03,423.75,"418,910.96",0,0,0,0,0,0,0,0,0,124.64,0,0,0,0,0,0,0,0,124.64,"2,365.24",0,0,0,0,0,0,0,0,"2,365.24","2,489.88",49.43,0.54,25.1,0.12,17.48,14.62,5.12,1.38,38.72,11.67,0,164.19, , , , , , , , ,0,0,0,0,,0,,0,,,0,"421,565.03","418,910.96"
 Albania,12.06,915.68,0,0,0,0.05,927.78,0,0,0,0,0,0,0,0,0,0,0,0,0,0,0,0,0,0,0,0,0,0,0,0,0,0,0,0,0,0,0,0,0,0,0,0,0,0,0,0,0,0, , , , , , , , ,0,0,0,0,,0,,0,,,0,927.78,927.78
 Algeria,"5,184.48","49,257.72",0,0,0,69.18,"54,511.39",10.33,9.18,9.18,9.18,9.77,8.77,10.22,10.07,8.29,9.75,9.52,3.83,10.26,9.18,8.39,9.93,4.59,4.7,164.43,0,21.95,0,0,0,0,0,0,0,21.95,186.39,59.87,0.11,29.88,0.11,21.68,17.73,6.61,1.55,47.36,15.06,0,199.97, , , , , , , , ,0,0,0,0,,0,,0,,,0,"54,897.74","54,511.39"
 American Samoa,0,0,0,0,0,0,0,0,0,0,0,0,0,0,0,0,0,0,0,0,0,0,0,0,0,0,0,0,0,0,0,0,0,0,0,0,0,0.27,0,0.14,0,0.1,0.08,0.03,0.01,0.22,0.07,0,0.91, , , , , , , , ,0,0,0,0,,0,,0,,,0,0.91,0
 Andorra,0,0,0,0,0,0,0,0,0,0,0,0,0,0,0,0,0,0,0,0,0,0,0,0,0,0,0,0,0,0,0,0,0,0,0,0,0,0.16,0,0.08,0,0.06,0.05,0.02,0,0.13,0.04,0,0.54, , , , , , , , ,0,0,0,0,,0,,0,,,0,0.54,0
 Angola,"25,485.33","294,577.99",99.42,1.36,18.44,723.05,"320,905.59","260,229.05",0,0,0,0,0,0,0,0,0,0,0,0,0,0,0,0,0,"260,229.05",0,0,0,0,0,0,0,0,0,0,"260,229.05","4,893.79",96.67,"2,629.70",13.5,"1,680.22","1,269.76",399.48,123.74,"3,916.29",911.37,0,"15,934.52", , , , , , , , ,0,0,0,0,669.33,669.33,1.45,1.45,,60.7,60.7,"597,800.65","320,905.59"
 Anguilla,0,0,0,0,0,0,0,0,0,0,0,0,0,0,0,0,0,0,0,0,0,0,0,0,0,0,0,0,0,0,0,0,0,0,0,0,0,0,0,0,0,0,0,0,0,0,0,0,0, , , , , , , , ,0,0,0,0,,0,,0,,,0,0,0
 Antigua and Barbuda,28.63,50.81,0,0,0,0.11,79.56,0,0,0,0,0,0,0,0,0,0,0,0,0,0,0,0,0,0,0,0,0,0,0,0,0,0,0,0,0,0,27.36,2.57,15.68,0.04,0.43,20.17,5.19,4.46,3.97,14.07,3.78,97.73, , , , , , , , ,0,0,0,0,,0,,0,,,0,177.3,79.56
 Argentina,"6,082.78","18,175.40",0,0,0,8.95,"24,267.12",0,0,0,0,0,0,0,0,0,0,0,0,0,0,0,0,0,0,0,0,0,0,0,0,0,0,0,0,0,0,267.96,23.25,154.53,0.4,4.14,198.49,51.58,43.3,38.39,136.19,36.67,954.89, , , , , , , , ,0,0,0,0,,0,,0,,,0,"25,222.02","24,267.12"
 Armenia,178.39,"5,102.89",46.52,3.65,41.03,6.95,"5,379.43",0,0,0,0,0,0,0,0,0,0,0,0,0,0,0,0,0,0,0,0,0,0,0,0,0,0,0,0,0,0,7.9,0.01,3.89,0.01,2.85,2.46,0.93,0.22,6.17,2.11,0,26.57, , , , , , , , ,0,0,0,0,,0,,0,,,0,"5,405.99","5,347.64"
 Aruba,0,0,0,0,0,0,0,0,0,0,0,0,0,0,0,0,0,0,0,0,0,0,0,0,0,0,0,0,0,0,0,0,0,0,0,0,0,0,0,0,0,0,0,0,0,0,0,0,0, , , , , , , , ,0,0,0,0,,0,,0,,,0,0,0
 Australia,38.83,"2,082.06",1.89,0.61,5.23,0.45,"2,129.07",0,0,0,0,0,0,0,0,0,0,0,0,0,0,0,0,0,0,0,0,0,0,0,0,0,0,0,0,0,0,14.13,0.04,7.02,0.03,5.1,4.27,1.59,0.38,11.1,3.62,0,47.28, , , , , , , , ,0,0,0,0,,0,,0,,,0,"2,176.35","2,128.52"
 Austria,135.65,"1,288.76",0.77,0.08,0.73,0.72,"1,426.71",0,0,0,0,0,0,0,0,0,0,0,0,0,0,0,0,0,0,0,0,0,0,0,0,0,0,0,0,0,0,0,0,0,0,0,0,0,0,0,0,0,0, , , , , , , , ,0,0,0,0,,0,,0,,,0,"1,426.71","1,425.82"
 Azerbaijan,330.43,"29,356.63",440.24,15.81,369.07,77.39,"30,589.57",0,0,0,0,0,0,0,0,0,0,0,0,0,0,0,0,0,0,0,0,0,0,0,0,0,0,0,0,0,0,31,0.06,15.27,0.06,11.2,9.62,3.61,0.86,24.22,8.22,0,104.11, , , , , , , , ,0,0,0,0,,0,,0,,,0,"30,693.68","29,924.34"
 Bahamas,0,0,0,0,0,0,0,0,0,0,0,0,0,0,0,0,0,0,0,0,0,0,0,0,0,0,0,0,0,0,0,0,0,0,0,0,0,0,0,0,0,0,0,0,0,0,0,0,0, , , , , , , , ,0,0,0,0,,0,,0,,,0,0,0
 Bahrain,24.34,476.79,0,0,0,0.09,501.21,0,0,0,0,0,0,0,0,0,0,0,0,0,0,0,0,0,0,0,0,0,0,0,0,0,0,0,0,0,0,2.06,0.01,1.03,0,0.74,0.62,0.23,0.06,1.62,0.52,0,6.89, , , , , , , , ,0,0,0,0,,0,,0,,,0,508.1,501.21
 Bangladesh,"11,122.74","464,203.90",0,0,0,"1,197.49","476,524.13","1,625.00",0,0,0,0,0,0,0,0,0,0,0,0,0,0,0,0,0,"1,625.00",237.61,0,0,0,0,0,0,0,0,237.61,"1,862.61",38.25,0.54,19.85,0.1,13.38,10.8,3.66,1.03,30.21,8.34,0,126.16,697.36, , ,231.86, ,46.55, , ,697.36,231.86,46.55,975.78,,0,,0,5.13,,5.13,"479,493.80","476,524.13"
 Barbados,193.28,0,0,0,0,0.34,193.62,0,0,0,0,0,0,0,0,0,0,0,0,0,0,0,0,0,0,0,0,0,0,0,0,0,0,0,0,0,0,8.92,0.84,5.11,0.01,0.14,6.57,1.69,1.45,1.29,4.59,1.23,31.86, , , , , , , , ,0,0,0,0,,0,,0,,,0,225.48,193.62
 Belarus,632.12,"16,544.80","1,524.91",48.61,534.08,109.1,"19,393.62",0,0,0,0,0,0,0,0,0,0,0,0,0,0,0,0,0,0,0,0,0,0,0,0,0,0,0,0,0,0,186.51,0.35,91.82,0.35,67.36,58,21.8,5.19,145.64,49.61,0,626.64, , , , , , , , ,0,0,0,0,,0,,0,,,0,"20,020.26","19,393.62"
 Belgium,126.38,"2,277.59",1.65,0.61,4.84,0.39,"2,411.46",0,0,0,0,0,0,0,0,0,0,0,0,0,0,0,0,0,0,0,0,0,0,0,0,0,0,0,0,0,0,0,0,0,0,0,0,0,0,0,0,0,0, , , , , , , , ,0,0,0,0,,0,,0,,,0,"2,411.46","2,411.46"
 Belize,0,0,0.63,0.01,0.09,3.65,4.37,0,0,0,0,0,0,0,0,0,0,0,0,0,0,0,0,0,0,0,18.49,0,0,0,0,0,0,0,0,18.49,18.49,268.68,21.33,155.59,0.41,4.07,199.57,51.04,43.38,38.07,134.87,36.73,953.74, , , , , , , , ,0,0,0,0,,0,,0,,,0,976.61,4.37
 Benin,"8,861.17","66,416.18",4.42,0.47,6.31,103.22,"75,391.76","172,668.42",0,0,0,0,0,0,0,0,0,0,0,0,0,0,0,0,0,"172,668.42",0,0,0,0,0,0,0,0,0,0,"172,668.42",360.24,4.84,187.47,0.88,126.54,99.66,33.71,9.36,286.06,76.83,0,"1,185.57", , , , , , , , ,0,0,0,0,558.79,558.79,0.02,0.02,,8.02,8.02,"249,812.58","75,391.76"
 Bermuda,0,0,0,0,0,0,0,0,0,0,0,0,0,0,0,0,0,0,0,0,0,0,0,0,0,0,0,0,0,0,0,0,0,0,0,0,0,0.84,0.08,0.48,0,0.01,0.62,0.16,0.14,0.12,0.43,0.12,2.99, , , , , , , , ,0,0,0,0,,0,,0,,,0,2.99,0
 Bhutan,2.18,"3,446.75",24.5,1.35,12.1,0.83,"3,487.71",81.2,0,0,0,0,0,0,0,0,0,0,0,0,0,0,0,0,0,81.2,55.22,0,0,0,0,0,0,0,0,55.22,136.42,2.66,0.01,1.33,0.01,0.95,0.8,0.29,0.07,2.09,0.67,0,8.88, , , , , , , , ,0,0,0,0,,0,,0,,,0,"3,633.01","3,487.71"
 Bolivia,491.28,"23,541.30",4.96,0.82,8.29,29.62,"24,076.26",0,0,0,0,0,0,0,8.99,0,0,0,0,0,0,0,0,0,0,8.99,43.49,0,0,0,0,0,0,0,0,43.49,52.48,174.01,15.01,102.78,0.24,2.53,131.85,31.21,26.31,23.99,86.18,22.21,616.3, , , , , , , , ,0,0,0,0,,0,,0,,,0,"24,745.05","24,076.26"
" Bonaire, Saint Eustatius and Saba",0,0,0,0,0,0,0,0,0,0,0,0,0,0,0,0,0,0,0,0,0,0,0,0,0,0,0,0,0,0,0,0,0,0,0,0,0,0,0,0,0,0,0,0,0,0,0,0,0, , , , , , , , ,0,0,0,0,,0,,0,,,0,0,0
 Bosnia and Herzegovina,394.52,"3,748.29",0.07,0.03,0.27,0.61,"4,143.79",0,0,0,0,0,0,0,0,0,0,0,0,0,0,0,0,0,0,0,0,0,0,0,0,0,0,0,0,0,0,0,0,0,0,0,0,0,0,0,0,0,0, , , , , , , , ,0,0,0,0,,0,,0,,,0,"4,143.79","4,143.42"
 Botswana,"19,848.99","18,468.78",0,0,0,57,"38,374.78","2,795.10",0,0,0,0,0,0,0,0,0,0,0,0,0,0,0,0,0,"2,795.10",0,0,0,0,0,0,0,0,0,0,"2,795.10","1,699.38",3.96,852.16,3.02,614.59,497.37,184.48,43.61,"1,347.28",420.2,0,"5,666.05", , , , , , , , ,0,0,0,0,126.34,126.34,0,0,,,0,"46,962.26","38,374.78"
 Brazil,"27,303.09","205,527.95",359.64,6.57,57.99,38.88,"233,294.12",0,250.57,0,0,0,0,0,273.05,0,0,0,0,0,0,0,0,0,0,523.62,"1,901.23",0,0,0,0,0,0,0,0,"1,901.23","2,424.85","24,189.12","2,040.11","14,284.24",33.73,350.53,"18,318.23","4,396.89","3,671.43","3,331.65","11,955.00","3,099.36","85,670.28", , , , , , , , ,0,0,0,0,"2,958.97","2,958.97",0,0,,  -   ,0,"324,348.22","233,294.12"
 British Virgin Islands,0,0,0,0,0,0,0,0,0,0,0,0,0,0,0,0,0,0,0,0,0,0,0,0,0,0,0,0,0,0,0,0,0,0,0,0,0,0,0,0,0,0,0,0,0,0,0,0,0, , , , , , , , ,0,0,0,0,,0,,0,,,0,0,0
 Brunei Darussalam,0,310.62,0,0,0,0.02,310.64,0,0,0,0,0,0,0,0,0,0,0,0,0,0,0,0,0,0,0,0,0,0,0,0,0,0,0,0,0,0,0,0,0,0,0,0,0,0,0,0,0,0, , , , , , , , ,0,0,0,0,,0,,0,  -   ,,0,310.64,310.64
 Bulgaria,9.67,"4,766.88",2.75,0.49,5.41,1.95,"4,787.16",0,0,0,0,0,0,0,0,0,0,0,0,0,0,0,0,0,0,0,0,0,0,0,0,0,0,0,0,0,0,0,0,0,0,0,0,0,0,0,0,0,0, , , , , , , , ,0,0,0,0,,0,,0,,,0,"4,787.16","4,783.16"
 Burkina Faso,"16,127.19","156,161.40",92.9,3.85,52.17,391.43,"172,828.94","291,700.60",0,0,0,0,"259,429.59",0,0,0,0,0,0,0,0,0,0,0,0,"551,130.19",0,0,0,0,0,0,0,0,0,0,"551,130.19","4,898.34",48.71,"2,517.10",10.96,"1,737.89","1,382.90",482.67,127.14,"3,885.56","1,099.89",0,"16,191.14", , , , , , , , ,0,0,0,0,"1,490.99","1,490.99",0,0,,95.48,95.48,"741,736.74","172,828.94"
 Burundi,"34,476.26","280,748.04",91.99,2.67,23.35,76.96,"315,419.28",0,0,0,0,0,"226,221.54",0,0,0,0,0,0,0,0,0,0,0,0,"226,221.54",0,0,0,0,0,0,0,0,0,0,"226,221.54","2,254.74",20.05,"1,154.87",4.9,802.15,639.5,225.17,58.39,"1,788.60",513.07,0,"7,461.43", , , , , , , , ,0,0,0,0,420.56,420.56,13.48,13.48,,,0,"549,536.28","315,419.28"
 Cambodia,"3,282.30","116,259.53",0,0,0,147.75,"119,689.58",0,0,0,0,0,0,457.19,0,0,0,0,0,0,418.8,0,0,0,0,875.98,0,0,727.89,0,0,0,0,0,0,727.89,"1,603.87","2,732.33",41.68,"1,475.61",6.54,939.62,690.79,224.57,64.74,"2,209.57",512.38,0,"8,897.82", , , , , , , , ,0,0,0,0,"5,557.15","5,557.15",0,0,,,0,"135,748.43","119,689.58"
 Cameroon,"50,067.32","115,055.35",0,0,0,227.44,"165,350.11",0,0,0,0,0,"374,021.60",0,0,0,0,0,0,0,0,0,0,0,0,"374,021.60",0,0,0,0,0,0,0,0,0,0,"374,021.60","15,214.95",123.76,"7,693.37",33.66,"5,418.21","4,493.98","1,605.93",413.81,"11,958.93","3,657.12",0,"50,613.73", , , ,712.73, ,117.46, ,160.9,0,712.73,278.37,991.09,630.77,630.77,183.76,183.76,,133.23,133.23,"591,924.29","165,350.11"
 Canada,249.81,"3,166.60",2.51,0.92,7.46,0.2,"3,427.51",0,0,0,0,0,0,0,0,0,0,0,0,0,0,0,0,0,0,0,0,0,0,0,0,0,0,0,0,0,0,47.96,4.44,27.5,0.07,0.76,35.36,9.09,7.8,6.96,24.69,6.61,171.23, , , , , , , , ,0,0,0,0,,0,,0,,,0,"3,598.74","3,425.33"
 Cape Verde,95.97,"1,510.15",0,0,0,2.01,"1,608.14",0,0,0,0,0,0,0,0,0,0,0,0,0,0,0,0,0,0,0,0,0,0,0,0,0,0,0,0,0,0,29.84,0.22,15.14,0.06,10.64,8.69,3.11,0.79,23.55,7.09,0,99.14, , , , , , , , ,0,0,0,0,,0,,0,,,0,"1,707.28","1,608.14"
 Cayman Islands,0,0,0,0,0,0,0,0,0,0,0,0,0,0,0,0,0,0,0,0,0,0,0,0,0,0,0,0,0,0,0,0,0,0,0,0,0,0,0,0,0,0,0,0,0,0,0,0,0, , , , , , , , ,0,0,0,0,,0,,0,,,0,0,0
 Central African Republic,"39,184.40","82,939.37",31.86,0.44,5.91,265.98,"122,427.96","77,286.54",0,0,0,0,0,0,0,0,0,0,0,0,0,0,0,0,0,"77,286.54",0,0,0,0,0,0,0,0,0,0,"77,286.54","1,826.99",18.34,929.73,4.25,647.57,534.22,187.98,49.75,"1,436.68",428.13,0,"6,063.64", , , , , , , , ,0,0,0,0,17.58,17.58,61.65,61.65,,67.06,67.06,"205,924.43","122,427.96"
 Chad,"35,392.43","166,987.90",0,0,0,265.44,"202,645.77","115,069.50",0,0,0,0,"97,687.12",0,0,0,0,0,0,0,0,0,0,0,0,"212,756.62",0,0,0,0,0,0,0,0,0,0,"212,756.62","2,821.70",27.02,"1,435.34",6.45,"1,002.07",822.58,290.12,76.22,"2,221.66",660.8,0,"9,363.96", , , , , , , , ,0,0,0,0,"1,522.31","1,522.31",0.69,0.69,,27.12,27.12,"426,316.46","202,645.77"
 Chile,"2,276.20","11,508.97",5.86,1.16,10.73,1.46,"13,804.39",0,0,0,0,0,0,0,0,0,0,0,0,0,0,0,0,0,0,0,0,0,0,0,0,0,0,0,0,0,0,173.66,14.85,102.6,0.24,2.52,131.6,31.54,26.27,23.92,85.92,22.17,615.3, , , , , , , , ,0,0,0,0,,0,,0,,,0,"14,419.69","13,804.39"
 China,"16,345.61","1,621,083.12",406.6,28.91,276.79,"1,945.46","1,640,086.50",0,0,0,50.73,53.38,48.26,0,0,0,0,0,0,57,0,0,0,0,0,209.36,0,0,0,16.9,0,0,0,0,0,16.9,226.26,"10,002.25",53.89,"5,011.44",20.57,"3,581.38","3,004.13","1,097.45",272.63,"7,851.82","2,498.61",0,"33,394.18", , , , , , , , ,0,0,0,0,  -   ,0,0,0,,,0,"1,673,706.94","1,639,610.51"
" China, Hong Kong SAR",0,0,0,0,0,0,0,0,0,0,0,0,0,0,0,0,0,0,0,0,0,0,0,0,0,0,0,0,0,0,0,0,0,0,0,0,0,0,0,0,0,0,0,0,0,0,0,0,0, , , , , , , , ,0,0,0,0,,0,,0,,,0,0,0
" China, Macao SAR",0,0,0,0,0,0,0,0,0,0,0,0,0,0,0,0,0,0,0,0,0,0,0,0,0,0,0,0,0,0,0,0,0,0,0,0,0,0,0,0,0,0,0,0,0,0,0,0,0, , , , , , , , ,0,0,0,0,,0,,0,,,0,0,0
 Colombia,"5,740.04","41,062.76",40.48,4.4,38.34,17.26,"46,903.28","2,093.78",0,0,0,0,0,0,0,0,0,0,0,0,0,0,0,0,0,"2,093.78","4,113.53",0,0,0,0,0,0,0,0,"4,113.53","6,207.31","10,402.97",882.03,"6,144.14",14.47,150.77,"7,879.94","1,890.39","1,577.04","1,432.93","5,143.47","1,331.23","36,849.37",13.58,10.56, ,3.19,0.63,1.06,1.62, ,24.14,3.82,2.68,30.64,,0,,0,,,0,"89,990.61","46,903.28"
 Comoros,"9,406.42",0,0,0,0,16.32,"9,422.73","4,289.11",0,0,0,0,0,0,0,0,0,0,0,0,0,0,0,0,0,"4,289.11",0,0,0,0,0,0,0,0,0,0,"4,289.11",11.27,0.08,5.73,0.02,4.01,3.27,1.17,0.3,8.9,2.67,0,37.43,135.79, , ,50.88, ,20.18, , ,135.79,50.88,20.18,206.85,,0,,0,4.22,,4.22,"13,960.35","9,422.73"
 Republic of the Congo,"9,921.67","38,612.49",0,0,0,12.3,"48,546.47",0,0,0,0,0,"40,966.38",0,0,0,0,0,0,0,0,0,0,0,0,"40,966.38",0,0,0,0,0,0,0,0,0,0,"40,966.38",277.85,3.06,141.86,0.66,98.29,80.74,28.17,7.56,218.6,64.17,0,920.97, , , , , , , , ,0,0,0,0,538.85,538.85,0.2,0.2,,1.87,1.87,"90,974.74","48,546.47"
 Cook Islands,0,0,0,0,0,0,0,0,0,0,0,0,0,0,0,0,0,0,0,0,0,0,0,0,0,0,0,0,0,0,0,0,0,0,0,0,0,0,0,0,0,0,0,0,0,0,0,0,0, , , , , , , , ,0,0,0,0,,0,,0,,,0,0,0
 Costa Rica,136.02,"1,963.27",0.56,0.02,0.14,0.29,"2,100.30",0,0,0,0,0,0,0,0,0,0,0,0,0,0,0,0,0,0,0,0,0,0,0,0,0,0,0,0,0,0,28.45,2.4,16.45,0.04,0.44,21.12,5.43,4.58,4.05,14.38,3.88,101.22, , , , , , , , ,0,0,0,0,,0,,0,,,0,"2,201.51","2,100.30"
  Cote d'Ivoire,"43,709.80","191,126.35",80.89,1.11,8.73,309.36,"235,236.24",0,0,0,0,0,"322,685.91",0,0,0,0,0,0,0,0,0,0,0,0,"322,685.91",0,0,0,0,0,0,0,0,0,0,"322,685.91",0,0,0,0,0,0,0,0,0,0,0,0, , , , , , , , ,0,0,0,0,"6,024.11","6,024.11",0,0,,24.99,24.99,"563,971.25","235,236.24"
 Croatia,192.64,"1,830.25",0,0,0,2.57,"2,025.46",0,0,0,0,0,0,0,0,0,0,0,0,0,0,0,0,0,0,0,0,0,0,0,0,0,0,0,0,0,0,0,0,0,0,0,0,0,0,0,0,0,0, , , , , , , , ,0,0,0,0,,0,,0,,,0,"2,025.46","2,025.46"
 Cuba,105.95,"1,600.27",0.21,0.07,0.59,0.19,"1,707.28",0,0,0,0,0,0,0,0,0,0,0,0,0,0,0,0,0,0,0,0,0,0,0,0,0,0,0,0,0,0,178.76,15.51,104.07,0.26,2.69,133.65,33.51,28.12,25.23,89.98,23.78,635.58, , , , , , , , ,0,0,0,0,,0,,0,,,0,"2,342.86","1,706.84"
   Curacao,0,0,0,0,0,0,0,0,0,0,0,0,0,0,0,0,0,0,0,0,0,0,0,0,0,0,0,0,0,0,0,0,0,0,0,0,0,0,0,0,0,0,0,0,0,0,0,0,0, , , , , , , , ,0,0,0,0,,0,,0,,,0,0,0
 Cyprus,8.38,79.58,0,0,0,0.11,88.06,0,0,0,0,0,0,0,0,0,0,0,0,0,0,0,0,0,0,0,0,0,0,0,0,0,0,0,0,0,0,0,0,0,0,0,0,0,0,0,0,0,0, , , , , , , , ,0,0,0,0,,0,,0,,,0,88.06,88.06
 Czech Republic,0,"1,737.87",0,0,0,2.12,"1,740.00",0,0,0,0,0,0,0,0,0,0,0,0,0,0,0,0,0,0,0,0,0,0,0,0,0,0,0,0,0,0,0,0,0,0,0,0,0,0,0,0,0,0, , , , , , , , ,0,0,0,0,,0,,0,,,0,"1,740.00","1,740.00"
 Democratic People's Republic of Korea,0,"104,994.78",18.17,0.28,3.93,174.87,"105,192.05",0,0,0,0,0,0,0,0,0,0,0,0,0,0,0,0,0,0,0,18.63,0,0,0,0,0,0,0,0,18.63,18.63,0,0,0,0,0,0,0,0,0,0,0,0, , , , , , , , ,0,0,0,0,,0,,0,,,0,"105,210.68","105,192.05"
 Democratic Republic of the Congo,"147,514.71","1,284,376.95",30.3,0.65,8.48,"1,441.86","1,433,372.96",0,0,0,0,0,"860,140.63",0,0,0,0,0,0,0,0,0,0,0,0,"860,140.63",0,0,0,0,0,0,0,0,0,0,"860,140.63","20,899.42",282.24,"10,813.85",52.05,"7,344.08","5,894.80","2,003.64",557.44,"16,518.07","4,565.70",0,"68,931.28", , , , , , , , ,0,0,0,0,"11,955.72","11,955.72","1,714.58","1,714.58",,12,12,"2,376,127.17","1,433,372.96"
 Denmark,85.26,810.06,0,0,0,0.06,895.38,0,0,0,0,0,0,0,0,0,0,0,0,0,0,0,0,0,0,0,0,0,0,0,0,0,0,0,0,0,0,0,0,0,0,0,0,0,0,0,0,0,0, , , , , , , , ,0,0,0,0,,0,,0,,,0,895.38,895.38
 Djibouti,996.06,"13,619.25",0,0,0,2.55,"14,617.86",0,582.67,0,0,0,0,0,0,0,0,0,0,0,0,0,0,0,0,582.67,0,0,0,0,0,0,0,0,0,0,582.67,296.7,2.43,149.65,0.66,105.67,88.32,31.6,8.16,232.73,71.96,0,987.88, , , , , , , , ,0,0,0,0,,0,,0,,,0,"16,188.41","14,617.86"
 Dominica,64.43,0,0,0,0,0.11,64.54,0,0,0,0,0,0,0,0,0,0,0,0,0,0,0,0,0,0,0,0,0,0,0,0,0,0,0,0,0,0,16.39,1.73,9.68,0.02,0.24,12.41,2.98,2.5,2.26,8.09,2.11,58.41, , , , , , , , ,0,0,0,0,,0,,0,,,0,122.94,64.54
 Dominican Republic,"2,874.05","12,426.44",45.03,1.56,15.57,19.74,"15,382.40",0,0,0,0,0,0,0,0,0,0,0,73.76,0,0,0,0,0,0,73.76,1.85,0,0,0,0,0,0,0,0,1.85,75.61,551.04,49.07,316.67,0.84,8.6,406.94,107.46,89.6,79.49,281.8,75.9,"1,967.41", , , , , , , , ,0,0,0,0,,0,,0,0.01,,0.01,"17,425.42","15,382.40"
 Ecuador,"3,586.52","31,530.50",55.42,1.49,14.84,49.86,"35,238.65",0,155.19,0,0,0,0,0,0,0,0,0,0,0,0,0,0,0,0,155.19,221.36,0,0,0,0,0,0,0,0,221.36,376.55,131.82,10.72,75.94,0.2,2.03,97.43,25.48,21.55,18.85,66.64,18.26,468.93, , , , , , , , ,0,0,0,0,,0,,0,,,0,"36,084.13","35,238.65"
 Egypt,209.36,"32,948.90",7.3,0.63,14.82,46.57,"33,227.58",9.62,0,0,0,0,0,0,0,0,0,0,0,0,0,0,0,0,0,9.62,0,0,0,0,0,0,0,0,0,0,9.62,85.8,1.24,44.66,0.22,29.98,24,8.09,2.29,67.88,18.43,0,282.58, , , , , , , , ,0,0,0,0,"5,214.33","5,214.33",0,0,,0.03,0.03,"38,734.14","33,205.40"
 El Salvador,225.92,"3,063.55",0,0,0,4.14,"3,293.60",0,0,0,0,0,0,0,0,0,0,0,0,0,0,0,0,0,0,0,0,0,0,0,0,0,0,0,0,0,0,281.64,25.5,162.6,0.42,4.35,209.03,53.37,45.06,40.4,143.72,38.13,"1,004.22", , , , , , , , ,0,0,0,0,,0,,0,,,0,"4,297.82","3,293.60"
 Equatorial Guinea,0,0,0,0,0,12.63,12.63,0,0,0,0,0,"14,440.59",0,0,0,0,0,0,0,0,0,0,0,0,"14,440.59",0,0,0,0,0,0,0,0,0,0,"14,440.59","1,216.78",16.19,635.34,2.95,425.77,335.57,113.59,31.54,967.08,258.89,0,"4,003.71", , , , , , , , ,0,0,0,0,12.82,12.82,0.22,0.22,,3.37,3.37,"18,473.34",12.63
 Eritrea,"5,051.57","101,330.05",15.38,0.24,3.32,237.19,"106,637.75",0,0,0,0,0,"19,321.93",0,0,0,0,0,0,0,0,0,0,0,0,"19,321.93",0,"12,514.28",0,0,0,0,0,0,0,"12,514.28","31,836.21",147.67,1.81,76.41,0.35,52.05,41.34,14.15,3.86,117.08,32.25,0,486.98, , , , , , , , ,0,0,0,0,37.11,37.11,0,0,,0.01,0.01,"138,998.07","106,637.75"
 Estonia,120.76,"1,107.43",26.57,1.43,31.97,3.4,"1,291.57",0,0,0,0,0,0,0,0,0,0,0,0,0,0,0,0,0,0,0,0,0,0,0,0,0,0,0,0,0,0,0,0,0,0,0,0,0,0,0,0,0,0, , , , , , , , ,0,0,0,0,,0,,0,,,0,"1,291.57","1,266.38"
 Ethiopia,"144,564.36","1,641,692.90",734.27,10.05,129.81,"1,150.74","1,788,282.13","278,259.13",0,0,0,0,0,0,0,0,0,0,0,0,0,0,0,0,0,"278,259.13",0,"141,333.56",0,0,0,0,0,0,0,"141,333.56","419,592.69","37,176.37",331.89,"19,101.10",80.04,"13,218.88","10,443.69","3,668.39",951.16,"29,557.42","8,359.88",0,"122,888.83", , , , , , , , ,0,0,0,0,"2,273.01","2,273.01",3.81,3.81,,0,0,"2,333,040.47","1,787,516.14"
 Fiji,19.4,"1,253.00",0,0,0,1.56,"1,273.96",0,0,0,0,0,0,0,0,0,0,0,0,0,0,0,0,0,0,0,0,0,0,0,0,0,0,0,0,0,0,12.7,0.04,6.31,0.02,4.58,3.85,1.43,0.34,9.97,3.26,0,42.52,1.79, , ,2.31, ,0.02, , ,1.79,2.31,0.02,4.13,,0,,0,1.46,,1.46,"1,322.06","1,273.96"
 Finland,113.84,"1,081.61",0.55,0.24,2,0.07,"1,198.30",0,0,0,0,0,0,0,0,0,0,0,0,0,0,0,0,0,0,0,0,0,0,0,0,0,0,0,0,0,0,0,0,0,0,0,0,0,0,0,0,0,0, , , , , , , , ,0,0,0,0,,0,,0,,,0,"1,198.30","1,198.30"
 France,"1,759.13","16,713.51",45.25,4.02,34.93,1.57,"18,558.42",0,0,0,0,0,0,0,0,0,0,0,0,0,0,0,0,0,0,0,0,0,0,0,0,0,0,0,0,0,0,0,0,0,0,0,0,0,0,0,0,0,0, , , , , , , , ,0,0,0,0,,0,,0,,,0,"18,558.42","18,513.65"
 French Polynesia,0,0,0,0,0,0,0,0,0,0,0,0,0,0,0,0,0,0,0,0,0,0,0,0,0,0,0,0,0,0,0,0,0,0,0,0,0,0,0,0,0,0,0,0,0,0,0,0,0, , , , , , , , ,0,0,0,0,,0,,0,  -   ,,0,0,0
 Gabon,"1,717.22","19,422.70",0,0,0,26.71,"21,166.63",0,0,0,0,0,"15,588.48",0,0,0,0,0,0,0,0,0,0,0,0,"15,588.48",0,0,0,0,0,0,0,0,0,0,"15,588.48",278.96,2.32,142.86,0.6,99.1,79.42,28.12,7.24,221.24,64.07,0,923.92,347.75, ,512.96,59.33, ,69, ,43.98,860.72,59.33,112.98,"1,033.03",139.52,139.52,0,0,,0.92,0.92,"38,852.50","21,166.63"
 Gambia,0,0,0,0,0,0,0,0,0,0,0,0,0,0,0,0,0,0,0,0,0,0,0,0,0,0,0,0,0,0,0,0,0,0,0,0,0,0,0,0,0,0,0,0,0,0,0,0,0, , , , , , , , ,0,0,0,0,475.86,475.86,0,0,,2.82,2.82,478.67,0
 Georgia,119.19,"8,257.87",104.29,6.59,75.39,15.65,"8,578.99",0,0,0,0,0,0,0,0,0,0,0,0,0,0,0,0,0,0,0,0,0,0,0,0,0,0,0,0,0,0,22.6,0.04,11.2,0.04,8.17,6.87,2.57,0.61,17.76,5.85,0,75.72, , , , , , , , ,0,0,0,0,,0,,0,,,0,"8,654.71","8,481.48"
 Germany,"1,057.02","10,042.77",21.95,2.55,26.85,5.72,"11,156.85",0,0,0,0,0,0,0,0,0,0,0,0,0,0,0,0,0,0,0,0,0,0,0,0,0,0,0,0,0,0,0,0,0,0,0,0,0,0,0,0,0,0, , , , , , , , ,0,0,0,0,,0,,0,,,0,"11,156.85","11,123.94"
 Ghana,"20,318.54","91,164.72",30.56,1.27,17.21,262.35,"111,794.65","173,381.46",0,0,0,0,"147,190.49",0,0,0,0,0,0,0,0,0,0,0,0,"320,571.95",0,0,0,0,0,0,0,0,0,0,"320,571.95","7,209.83",77.72,"3,706.51",16.68,"2,548.50","2,050.29",712.73,190.35,"5,703.99","1,623.89",0,"23,840.49", , , , , , , , ,0,0,0,0,"1,262.27","1,262.27",0,0,,21.02,21.02,"457,490.37","111,794.65"
 Greece,236.29,"3,143.71",9.65,1.92,19.09,0.57,"3,411.23",0,0,0,0,0,0,0,0,0,0,0,0,0,0,0,0,0,0,0,0,0,0,0,0,0,0,0,0,0,0,0,0,0,0,0,0,0,0,0,0,0,0, , , , , , , , ,0,0,0,0,,0,,0,,,0,"3,411.23","3,411.23"
Greenland,0,0,0,0,0,60.61,60.61,0,0,0,0,0,0,0,0,0,0,0,0,0,0,0,0,0,0,0,0,0,0,0,0,0,0,0,0,0,0,0,0,0,0,0,0,0,0,0,0,0,0, , , , , , , , ,0,0,0,0,,0,,0,,,0,60.61,60.61
 Grenada,0,91.47,0,0,0,0.11,91.58,0,0,0,0,0,0,0,0,0,0,0,0,0,0,0,0,0,0,0,0,0,0,0,0,0,0,0,0,0,0,28.9,2.62,17.07,0.04,0.42,21.89,5.25,4.38,3.98,14.29,3.7,102.55, , , , , , , , ,0,0,0,0,,0,,0,,,0,194.12,91.58
 Guam,0,0,0,0,0,0,0,0,0,0,0,0,0,0,0,0,0,0,0,0,0,0,0,0,0,0,0,0,0,0,0,0,0,0,0,0,0,0.64,0,0.32,0,0.23,0.19,0.07,0.02,0.5,0.16,0,2.13, , , , , , , , ,0,0,0,0,,0,,0,,,0,2.13,0
 Guatemala,"1,015.00","12,984.90",3.97,0.14,2.64,44.32,"14,050.97",0,0,0,0,0,0,0,0,0,0,0,8.05,0,0,0,0,0,0,8.05,978.62,0,0,0,0,0,0,0,0,978.62,986.67,337.22,28.64,193.04,0.53,5.3,247.81,64.53,55.79,48.81,172.22,47.29,"1,201.17", , , , , , , , ,0,0,0,0,,0,0,0,,,0,"16,238.81","14,044.22"
 Guinea,"21,673.33","101,857.78",0,0,0,162.06,"123,693.16",0,0,0,0,0,"282,928.25",0,0,0,0,0,0,0,0,0,0,0,0,"282,928.25",0,0,0,0,0,0,0,0,0,0,"282,928.25","6,285.65",89.28,"3,295.35",15.55,"2,193.68","1,719.19",576.52,162.37,"5,000.50","1,314.16",0,"20,652.25", , , , , , , , ,0,0,0,0,"2,236.81","2,236.81",0,0,,16.51,16.51,"429,526.99","123,693.16"
 Guinea-Bissau,"7,977.72","16,297.16",0,0,0,33.75,"24,308.63","83,653.20",0,0,0,0,0,0,0,0,0,0,0,0,0,0,0,0,0,"83,653.20",0,0,0,0,0,0,0,0,0,0,"83,653.20","1,535.50",13.01,776.37,3.44,546.56,454.13,161.95,41.94,"1,206.06",368.81,0,"5,107.75", , , , , , , , ,0,0,0,0,236.92,236.92,,0,,,0,"113,306.51","24,308.63"
 Guyana,274.1,"1,134.98",0,0,0,2.17,"1,411.24",0,47.26,0,0,0,0,0,0,0,0,0,0,0,0,0,0,0,0,47.26,40.68,0,0,0,0,0,0,0,0,40.68,87.95,217.68,19.42,125.18,0.33,3.39,160.87,41.33,35.31,31.38,111.3,29.9,776.1, , , , , , , , ,0,0,0,0,,0,,0,5.91,,5.91,"2,281.20","1,411.24"
 Haiti,"10,177.28","59,731.17",0,0,0,90.64,"69,999.09",0,0,0,0,0,0,0,0,0,0,0,"1,572.03",0,0,0,0,0,0,"1,572.03",0,0,0,0,0,0,0,0,0,0,"1,572.03","9,631.22",821.66,"5,529.81",14.87,150.14,"7,099.28","1,829.07","1,579.54","1,387.98","4,906.12","1,338.51","34,288.21", , , , , , , , ,0,0,0,0,,0,,0,136.23,,136.23,"105,995.56","69,999.09"
 Honduras,532.63,"6,615.73",0.26,0.08,0.81,2.08,"7,151.60",0,0,0,0,0,0,0,0,0,0,0,48.5,0,0,0,0,0,0,48.5,452.88,0,0,0,0,0,0,0,0,452.88,501.38,297.6,26.5,171.03,0.45,4.65,219.77,56.48,48.38,42.94,152.19,40.98,"1,060.96", , , , , , , , ,0,0,0,0,,0,,0,,,0,"8,713.95","7,151.02"
 Hungary,359.43,"3,414.92",1.07,0.2,2.06,1.23,"3,778.91",0,0,0,0,0,0,0,0,0,0,0,0,0,0,0,0,0,0,0,0,0,0,0,0,0,0,0,0,0,0,0,0,0,0,0,0,0,0,0,0,0,0, , , , , , , , ,0,0,0,0,,0,,0,,,0,"3,778.91","3,776.91"
 Iceland,0,0,0,0,0,0,0,0,0,0,0,0,0,0,0,0,0,0,0,0,0,0,0,0,0,0,0,0,0,0,0,0,0,0,0,0,0,0,0,0,0,0,0,0,0,0,0,0,0, , , , , , , , ,0,0,0,0,,0,,0,,,0,0,0
 India,"653,381.93","17,779,506.44",0,0,0,"22,858.00","18,455,746.37",0,0,0,0,0,0,0,0,0,"536,425.86",0,0,0,0,0,0,0,0,"536,425.86","514,619.89",0,0,0,0,0,0,0,0,"514,619.89","1,051,045.75","109,423.60","1,003.92","55,724.93",246.97,"38,792.38","31,897.84","11,286.75","2,950.55","86,194.53","25,706.14",0,"363,227.61", , , , , , , , ,0,0,0,0,,0,0,0,,208.42,208.42,"19,870,228.15","18,455,746.37"
 Indonesia,"504,584.72","2,367,961.22",478.63,14.7,186.74,"3,463.76","2,876,689.76",0,0,0,0,0,"8,860.88",0,0,0,0,0,0,0,"9,046.73",0,0,0,0,"17,907.61",0,0,0,0,0,0,0,0,0,0,"17,907.61",251.38,1.38,125.08,0.53,89.98,77.19,28.3,7.07,196.17,64.42,0,841.5, , , , , , , , ,0,0,0,0,  -   ,0,,0,,,0,"2,895,438.88","2,876,016.65"
 Iran,"4,432.78","35,232.85",4.33,0.77,11.91,50.74,"39,733.38",0,0,0,0,0,0,0,0,1.62,1.58,0,0,0,0,0,0,0,0,3.2,13.39,0,0,0,0,0,0,0,0,13.39,16.59,0.09,0.01,0.05,0,0.03,0.01,0,0,0.07,0,0,0.26, , , , , , , , ,0,0,0,0,,0,,0,,,0,"39,750.23","39,722.04"
 Iraq,0,"42,257.75",0,0,0,51.63,"42,309.39",0,0,0,0,0,0,0,0,0,0,0,0,0,0,0,0,0,0,0,0,0,0,0,0,0,0,0,0,0,0,0,0,0,0,0,0,0,0,0,0,0,0, , , , , , , , ,0,0,0,0,,0,,0,,,0,"42,309.39","42,309.39"
 Ireland,50.94,851.84,0.47,0.19,1.75,0.12,905.31,0,0,0,0,0,0,0,0,0,0,0,0,0,0,0,0,0,0,0,0,0,0,0,0,0,0,0,0,0,0,0,0,0,0,0,0,0,0,0,0,0,0, , , , , , , , ,0,0,0,0,,0,,0,,,0,905.31,905.31
 Israel,29.58,854.91,1.46,0.24,2.01,0.36,888.56,0,0,0,0,0,0,0,0,0,0,0,0,0,0,0,0,0,0,0,0,0,0,0,0,0,0,0,0,0,0,0,0,0,0,0,0,0,0,0,0,0,0, , , , , , , , ,0,0,0,0,,0,,0,,,0,888.56,885.38
 Italy,942.96,"8,959.05",0,0,0,2.93,"9,904.95",0,0,0,0,0,0,0,0,0,0,0,0,0,0,0,0,0,0,0,0,0,0,0,0,0,0,0,0,0,0,0,0,0,0,0,0,0,0,0,0,0,0, , , , , , , , ,0,0,0,0,,0,,0,,,0,"9,904.95","9,904.95"
 Jamaica,156.92,"1,099.93",0,0,0,0.28,"1,257.13",0,0,0,0,0,0,0,0,0,0,0,0,0,0,0,0,0,0,0,0,0,0,0,0,0,0,0,0,0,0,51.48,4.68,29.47,0.08,0.81,37.89,10.22,8.42,7.48,26.51,7.14,184.19, , , , , , , , ,0,0,0,0,,0,,0,,,0,"1,441.32","1,257.13"
 Japan,"1,095.80","58,805.38",0,0,0,5.46,"59,906.64",0,0,0,0,0,0,0,0,0,0,0,0,0,0,0,0,0,0,0,0,0,0,0,0,0,0,0,0,0,0,16.68,0.12,8.43,0.04,5.94,4.93,1.77,0.45,13.12,4.03,0,55.52, , , , , , , , ,0,0,0,0,,0,,0,,,0,"59,962.15","59,906.64"
 Jordan,0,976.81,3.19,0.29,2.85,0.57,983.71,0,0,0,0,0,0,0,0,0,0,0,0,0,0,0,0,0,0,0,0,0,0,0,0,0,0,0,0,0,0,0,0,0,0,0,0,0,0,0,0,0,0, , , , , , , , ,0,0,0,0,,0,,0,,,0,983.71,983.71
 Kazakhstan,"1,358.16","72,980.39","5,290.40",166.1,"1,968.93",425.19,"82,189.17",0,0,0,0,0,0,0,0,0,0,0,0,0,0,0,0,0,0,0,0,0,0,0,0,0,0,0,0,0,0,254.43,0.48,125.48,0.48,91.93,78.64,29.53,7.02,199,67.2,0,854.19, , , , , , , , ,0,0,0,0,,0,0,0,,,0,"83,043.35","82,189.17"
 Kenya,"195,003.14","461,432.31",112.28,21.63,284.81,742.11,"657,596.27","187,898.84",0,0,0,0,0,0,0,0,0,0,0,0,0,0,0,0,0,"187,898.84",0,0,0,0,0,0,0,0,0,0,"187,898.84","32,691.09",368.46,"17,053.57",73.83,"11,504.63","8,919.85","3,058.08",821.89,"26,104.16","6,971.23",0,"107,566.79", , , , , , , , ,0,0,0,0,"2,449.00","2,449.00",,0,,,0,"955,510.89","657,204.86"
 Kiribati,0,640.27,0,0,0,0.78,641.05,0,0,0,0,0,0,0,0,0,0,0,0,0,0,0,0,0,0,0,0,0,0,0,0,0,0,0,0,0,0,0.07,0,0.03,0,0.02,0.02,0.01,0,0.05,0.02,0,0.23, , , , , , , , ,0,0,0,0,,0,,0,  -   ,,0,641.28,641.05
 Kuwait,0,"1,346.01",0.41,0.22,1.96,0.08,"1,348.69",0,0,0,0,0,0,0,0,0,0,0,0,0,0,0,0,0,0,0,0,0,0,0,0,0,0,0,0,0,0,0,0,0,0,0,0,0,0,0,0,0,0, , , , , , , , ,0,0,0,0,,0,,0,,,0,"1,348.69","1,346.09"
 Kyrgyzstan,"1,879.05","17,852.86",562.3,19.94,218.46,94.95,"20,627.56",0,0,0,0,0,0,0,0,0,0,0,0,0,0,0,0,0,0,0,0,0,0,0,0,0,0,0,0,0,0,72.01,0.14,35.4,0.14,26,22.51,8.47,2.02,56.15,19.27,0,242.1, , , , , , , , ,0,0,0,0,,0,0,0,,,0,"20,869.67","20,627.56"
 Lao People's Democratic Republic,"3,702.13","43,390.59",0.54,0.1,1.11,134.33,"47,228.79",0,0,0,0,0,0,0,0,0,0,0,0,0,0,0,0,0,73.415,146.83,0,0,0,0,42.41,0,0,0,0,42.41,189.24,0,0,0,0,0,0,0,0,0,0,0,0, , , , , , , , ,0,0,0,0,42.7,42.7,,0,,,0,"47,460.73","47,228.79"
 Latvia,374.34,"2,142.55",22.27,2.2,39.31,3.05,"2,583.72",0,0,0,0,0,0,0,0,0,0,0,0,0,0,0,0,0,0,0,0,0,0,0,0,0,0,0,0,0,0,0,0,0,0,0,0,0,0,0,0,0,0, , , , , , , , ,0,0,0,0,,0,,0,,,0,"2,583.72","2,560.76"
 Lebanon,11.45,"1,422.80",2.83,0.12,1.42,0.18,"1,438.80",0,0,0,0,0,0,0,0,0,0,0,0,0,0,0,0,0,0,0,0,0,0,0,0,0,0,0,0,0,0,0,0,0,0,0,0,0,0,0,0,0,0, , , , , , , , ,0,0,0,0,,0,,0,,,0,"1,438.80","1,437.83"
 Lesotho,"91,214.61","46,317.31",157.18,2.72,32.33,31.46,"137,755.61",0,0,0,0,0,0,0,0,0,0,0,0,0,0,0,0,0,0,0,0,0,0,0,0,0,0,0,0,0,0,"1,527.87",13.19,779.74,3.35,542.5,440.64,156.11,40.43,"1,207.44",355.6,0,"5,066.86",  -   , ,  -   ,58.94, ,114.49, ,151.39,0,58.94,265.88,324.83,,0,0,0,,,0,"143,147.30","137,755.61"
 Liberia,"5,635.42","46,147.92",0,0,0,66.16,"51,849.51",0,0,0,0,0,"223,476.12",0,0,0,0,0,0,0,0,0,0,0,0,"223,476.12",0,0,0,0,0,0,0,0,0,0,"223,476.12","1,527.69",14.74,776.9,3.51,542.18,446.37,157.45,41.43,"1,202.04",358.61,0,"5,070.92","2,143.92", , ,935.27, ,11.64, , ,"2,143.92",935.27,11.64,"3,090.84",917.69,917.69,,0,,,0,"284,405.07","51,849.51"
 Libya,75.29,"2,637.13",0,0,0,3.35,"2,715.77",0,0,0,0,0,0,0,0,0,0,0,0,0,0,0,0,0,0,0,0,0,0,0,0,0,0,0,0,0,0,6.42,0.05,3.27,0.01,2.28,1.86,0.66,0.17,5.07,1.51,0,21.31, , , , , , , , ,0,0,0,0,,0,,0,,,0,"2,737.07","2,715.77"
 Lithuania,161.44,"6,487.99",123.33,7.62,122.16,13.28,"6,915.82",0,0,0,0,0,0,0,0,0,0,0,0,0,0,0,0,0,0,0,0,0,0,0,0,0,0,0,0,0,0,0,0,0,0,0,0,0,0,0,0,0,0, , , , , , , , ,0,0,0,0,,0,,0,,,0,"6,915.82","6,779.69"
 Luxembourg,8.38,79.58,0,0,0,0.11,88.06,0,0,0,0,0,0,0,0,0,0,0,0,0,0,0,0,0,0,0,0,0,0,0,0,0,0,0,0,0,0,0,0,0,0,0,0,0,0,0,0,0,0, , , , , , , , ,0,0,0,0,,0,0,0,,,0,88.06,88.06
 Madagascar,"1,541.04","185,754.90",2.27,0.37,2.94,66.69,"187,368.22",0,0,0,0,0,"40,106.80",0,0,0,0,0,0,0,0,0,0,0,0,"40,106.80",0,0,0,0,0,0,0,0,0,0,"40,106.80",182.83,1.22,91.17,0.4,65.28,56.08,20.41,5.18,142.53,46.45,0,611.54,"3,815.39", ,"4,487.98",92.58, ,283.59, ,364.85,"8,303.37",92.58,648.44,"9,044.39","1,121.75","1,121.75",0,0,,93.52,93.52,"238,346.23","187,368.22"
 Malawi,"147,980.81","164,362.65",13.39,2.14,29.05,165.09,"312,553.13","115,474.32",0,0,0,0,0,0,0,0,0,0,0,0,0,0,0,0,0,"115,474.32",0,0,0,0,0,0,0,0,0,0,"115,474.32","85,107.82","1,067.16","44,438.16",199.76,"29,919.21","23,212.73","7,876.05","2,158.14","67,871.78","17,955.50",0,"279,806.31", , , , , , , , ,0,0,0,0,234.41,234.41,,0,,,0,"708,068.16","312,508.54"
 Malaysia,"3,392.48","61,000.69",6,2.75,23.2,0.59,"64,425.71",0,0,0,0,0,0,57.68,0,0,0,0,0,0,0,0,0,0,0,57.68,46.11,0,0,0,0,0,0,0,0,46.11,103.79,213.12,0.53,105.23,0.41,76.86,65.89,24.65,5.91,166.57,56.1,0,715.27,"1,418.74", , ,528.93, ,16.04, , ,"1,418.74",528.93,16.04,"1,963.70",,0,,0,0.02,,0.02,"67,208.49","64,424.71"
 Maldives,0,274.4,0,0,0,0.34,274.74,0,0,0,0,0,0,0,0,0,0,0,0,0,0,0,0,0,0,0,0,0,0,0,0,0,0,0,0,0,0,0.64,0.01,0.33,0,0.23,0.18,0.06,0.02,0.51,0.14,0,2.12, , , , , , , , ,0,0,0,0,,0,0,0,,,0,276.85,274.74
 Mali,"17,128.89","106,022.78",0,0,0,159.26,"123,310.94","413,309.08",0,0,0,0,"355,949.01",0,0,0,0,0,0,0,0,0,0,0,0,"769,258.09",0,0,0,0,0,0,0,0,0,0,"769,258.09","5,863.52",27.08,"2,925.71",11.83,"2,105.19","1,773.26",651.82,160.32,"4,598.53","1,483.94",0,"19,601.20", , , , , , , , ,0,0,0,0,673.34,673.34,,0,,,0,"912,843.56","123,310.94"
 Malta,0,0,0,0,0,0,0,0,0,0,0,0,0,0,0,0,0,0,0,0,0,0,0,0,0,0,0,0,0,0,0,0,0,0,0,0,0,0,0,0,0,0,0,0,0,0,0,0,0, , , , , , , , ,0,0,0,0,,0,,0,,,0,0,0
 Marshall Islands,1.27,203.77,0.04,0.02,0.15,0.03,205.28,0,0,0,0,0,0,0,0,0,0,0,0,0,0,0,0,0,0,0,0,0,0,0,0,0,0,0,0,0,0,0.24,0,0.12,0,0.09,0.07,0.02,0.01,0.19,0.06,0,0.81, , , , , , , , ,0,0,0,0,,0,0,0,,,0,206.09,205.28
 Mauritania,0,"30,824.38",0,0,0,37.66,"30,862.04","18,938.20",0,0,0,0,"16,077.39",0,0,0,0,0,0,0,0,0,0,0,0,"35,015.59",0,0,0,0,0,0,0,0,0,0,"35,015.59",287.75,2.02,144.38,0.63,102.71,86.65,31.33,7.97,225.33,71.33,0,960.08, , , , , , , , ,0,0,0,0,330.37,330.37,,0,,,0,"67,168.09","30,862.04"
 Mauritius,71.13,447.82,0,0,0,0.67,519.62,0,0,0,0,0,0,0,0,0,0,0,0,0,0,0,0,0,0,0,0,0,0,0,0,0,0,0,0,0,0,69.02,0.31,34.52,0.14,24.76,20.75,7.63,1.87,54.21,17.36,0,230.57, , , , , , , , ,0,0,0,0,,0,,0,,,0,750.19,519.62
 Mexico,"5,142.32","90,057.14",105.15,2,20.58,51.14,"95,378.32",0,0,0,0,0,0,0,0,0,0,0,0,0,0,0,0,0,0,0,19.66,0,0,0,0,0,0,0,0,19.66,19.66,"2,883.65",248.36,"1,665.07",4.34,44.33,"2,138.41",552.78,464.86,412.14,"1,462.60",393.57,"10,270.11", , , , , , , , ,0,0,0,0,,0,,0,,,0,"105,668.09","95,378.32"
 Micronesia (Federated States of),0,0,0,0,0,0,0,0,0,0,0,0,0,0,0,0,0,0,0,0,0,0,0,0,0,0,0,0,0,0,0,0,0,0,0,0,0,0,0,0,0,0,0,0,0,0,0,0,0, , , , , , , , ,0,0,0,0,,0,,0,0.18,,0.18,0.18,0
 Monaco,0,0,0,0,0,0,0,0,0,0,0,0,0,0,0,0,0,0,0,0,0,0,0,0,0,0,0,0,0,0,0,0,0,0,0,0,0,0,0,0,0,0,0,0,0,0,0,0,0, , , , , , , , ,0,0,0,0,,0,,0,  -   ,,0,0,0
 Mongolia,24.79,"25,720.25",129.72,5.83,58.78,10.89,"25,950.26",0,0,0,0,0,0,0,0,0,0,0,0,0,0,0,0,0,0,0,0,0,0,0,0,0,0,0,0,0,0,0.49,0,0.25,0,0.17,0.14,0.05,0.01,0.38,0.12,0,1.63, , , , , , , , ,0,0,0,0,,0,,0,,,0,"25,951.89","25,950.26"
 Montenegro,2.63,179.2,0,0,0,0.22,182.05,0,0,0,0,0,0,0,0,0,0,0,0,0,0,0,0,0,0,0,0,0,0,0,0,0,0,0,0,0,0,0,0,0,0,0,0,0,0,0,0,0,0, , , , , , , , ,0,0,0,0,,0,,0,,,0,182.05,182.05
 Montserrat,0,0,0,0,0,0,0,0,0,0,0,0,0,0,0,0,0,0,0,0,0,0,0,0,0,0,0,0,0,0,0,0,0,0,0,0,0,0,0,0,0,0,0,0,0,0,0,0,0, , , , , , , , ,0,0,0,0,,0,,0,,,0,0,0
 Morocco,597.29,"102,256.65",20.92,0.38,3.7,30.97,"102,909.92",0,0,0,0,0,0,0,0,0,0,0,0,0,0,0,0,0,0,0,0,0,0,0,0,0,0,0,0,0,0,127.93,1.62,67.47,0.3,44.18,35.06,11.94,3.3,101.9,27.2,0,420.91, , , , , , , , ,0,0,0,0,,0,0,0,,  -   ,0,"103,330.82","102,887.75"
 Mozambique,"203,775.47","249,717.35",0,0,0,658.62,"454,151.44","784,794.24",0,0,0,0,0,0,0,0,0,0,0,0,0,0,0,0,0,"784,794.24",0,0,0,0,0,0,0,0,0,0,"784,794.24","147,365.88","2,981.20","79,536.37",407.7,"50,511.88","37,733.02","11,760.71","3,679.79","118,210.00","26,836.60",0,"479,023.15","9,779.45", , ,"2,589.32", ,"1,055.97", , ,"9,779.45","2,589.32","1,055.97","13,424.74",252.99,252.99,,0,,,0,"1,731,646.55","454,151.44"
 Myanmar,"164,993.15","481,231.66",414.31,8.72,114.84,"1,506.70","648,269.38","16,111.94",0,"14,083.55",0,0,0,"16,111.94",0,0,0,0,0,"15,804.43",0,"12,940.39",0,0,0,"75,052.24","27,697.45",0,0,0,0,0,0,0,0,"27,697.45","102,749.68","6,459.28",28.12,"3,238.85",12.69,"2,317.42","1,926.22",707.54,173,"5,085.63","1,611.04",0,"21,559.79", , , , , , , , ,0,0,0,0,,0,0,0,,116.51,116.51,"772,695.36","648,269.38"
 Namibia,"29,195.72","51,383.94",188.84,6.12,76.32,89.79,"80,940.73","1,498.09",0,0,0,0,0,0,0,0,0,0,0,0,0,0,0,0,0,"1,498.09",0,0,0,0,0,0,0,0,0,0,"1,498.09","6,884.96",34.34,"3,478.06",13.45,"2,469.65","2,005.41",730.08,179.35,"5,449.21","1,662.93",0,"22,907.44", , , , , , , , ,0,0,0,0,36.72,36.72,,0,,,0,"105,382.98","80,720.69"
 Nauru,0,0,0,0,0,0,0,0,0,0,0,0,0,0,0,0,0,0,0,0,0,0,0,0,0,0,0,0,0,0,0,0,0,0,0,0,0,0,0,0,0,0,0,0,0,0,0,0,0, , , , , , , , ,0,0,0,0,,0,,0,,,0,0,0
 Nepal,"3,114.72","252,254.23",203.72,7.43,89.75,231.39,"255,901.25",0,490.83,0,0,0,0,0,0,0,0,0,0,0,0,0,0,0,0,490.83,"4,029.50",0,0,0,0,0,0,0,0,"4,029.50","4,520.34",811.06,9.49,419.74,1.92,284.66,229.12,79.04,21.44,642.06,180.08,0,"2,678.60",347.25, , ,"2,349.46", ,50.43, , ,347.25,"2,349.46",50.43,"2,747.14",,0,,0,242.11,,242.11,"266,089.44","255,631.63"
 Netherlands,60.44,"2,321.80",4.08,0.47,3.81,0.83,"2,391.42",0,0,0,0,0,0,0,0,0,0,0,0,0,0,0,0,0,0,0,0,0,0,0,0,0,0,0,0,0,0,0,0,0,0,0,0,0,0,0,0,0,0, , , , , , , , ,0,0,0,0,,0,,0,,,0,"2,391.42","2,391.42"
 New Caledonia,0,0,0,0,0,0,0,0,0,0,0,0,0,0,0,0,0,0,0,0,0,0,0,0,0,0,0,0,0,0,0,0,0,0,0,0,0,0,0,0,0,0,0,0,0,0,0,0,0, , , , , , , , ,0,0,0,0,,0,,0,  -   ,,0,0,0
 New Zealand,0,512.33,0.32,0.04,0.28,0.08,513.05,0,0,0,0,0,0,0,0,0,0,0,0,0,0,0,0,0,0,0,0,0,0,0,0,0,0,0,0,0,0,2.17,0.01,1.08,0,0.78,0.65,0.24,0.06,1.7,0.55,0,7.25, , , , , , , , ,0,0,0,0,,0,,0,,,0,520.29,512.73
 Nicaragua,658.59,"6,257.28",2.2,0.38,3.97,1.83,"6,924.25",0,0,0,0,0,0,0,0,0,0,0,9.39,0,0,0,0,0,0,9.39,106.15,0,0,0,0,0,0,0,0,106.15,115.53,53.4,5.03,30.53,0.08,0.85,39.27,10.28,8.74,7.79,27.6,7.41,190.98, , , , , , , , ,0,0,0,0,,0,0,0,,,0,"7,230.76","6,918.79"
 Niger,"11,136.91","181,760.56",49.7,0.83,11.3,431.9,"193,391.19","566,860.43",0,0,0,0,0,0,0,0,0,0,0,0,0,0,0,0,0,"566,860.43",0,0,0,0,0,0,0,0,0,0,"566,860.43","5,777.63",118.26,"3,114.39",16.16,"1,979.45","1,488.61",464.11,145.68,"4,627.11","1,058.93",0,"18,790.31", , , , , , , , ,0,0,0,0,51.14,51.14,0,0,,23.83,23.83,"779,116.91","193,391.19"
 Nigeria,"245,502.11","1,236,270.09",57.59,1.81,24.49,"2,255.93","1,484,112.01","5,182,488.97",0,0,0,0,"4,324,870.66",0,0,0,0,0,0,0,0,0,0,0,0,"9,507,359.63",0,0,0,0,0,0,0,0,0,0,"9,507,359.63","98,678.72","1,086.17","50,491.99",233.25,"34,901.83","28,475.32","9,917.90","2,659.63","77,770.15","22,592.80",0,"326,807.76", , , , , , , , ,0,0,0,0,"18,171.09","18,171.09",,0,,,0,"11,336,450.50","1,484,028.13"
 Niue,0,0,0,0,0,0,0,0,0,0,0,0,0,0,0,0,0,0,0,0,0,0,0,0,0,0,0,0,0,0,0,0,0,0,0,0,0,0,0,0,0,0,0,0,0,0,0,0,0, , , , , , , , ,0,0,0,0,,0,,0,,,0,0,0
 Northern Mariana Islands,0,0,0,0,0,0,0,0,0,0,0,0,0,0,0,0,0,0,0,0,0,0,0,0,0,0,0,0,0,0,0,0,0,0,0,0,0,0.54,0,0.27,0,0.19,0.16,0.06,0.01,0.42,0.13,0,1.8, , , , , , , , ,0,0,0,0,,0,,0,,,0,1.8,0
 Norway,74.45,707.32,0.75,0.22,1.74,0.18,784.66,0,0,0,0,0,0,0,0,0,0,0,0,0,0,0,0,0,0,0,0,0,0,0,0,0,0,0,0,0,0,0,0,0,0,0,0,0,0,0,0,0,0, , , , , , , , ,0,0,0,0,,0,,0,,,0,784.66,782.49
 Oman,15.44,"1,424.57",0.34,0.17,1.41,0.11,"1,442.04",0,0,0,0,0,0,0,0,0,0,0,0,0,0,0,0,0,0,0,0,0,0,0,0,0,0,0,0,0,0,0,0,0,0,0,0,0,0,0,0,0,0, , , , , , , , ,0,0,0,0,,0,,0,,,0,"1,442.04","1,442.04"
 Pakistan,"4,682.72","1,485,739.47",432.25,19.58,320.24,"1,677.56","1,492,871.83",0,0,0,0,0,0,0,0,0,"1,141.61",0,0,0,0,0,0,0,0,"1,141.61","5,968.27",0,0,0,0,0,0,0,0,"5,968.27","7,109.88",27.71,0.26,14,0.06,9.83,8.29,2.94,0.77,21.68,6.7,0,92.26, , , , , , , , ,0,0,0,0,,0,,0,,,0,"1,500,073.96","1,492,871.83"
 Palau,0,0,0,0,0,0,0,0,0,0,0,0,0,0,0,0,0,0,0,0,0,0,0,0,0,0,0,0,0,0,0,0,0,0,0,0,0,0,0,0,0,0,0,0,0,0,0,0,0, , , , , , , , ,0,0,0,0,,0,,0,,,0,0,0
 Panama,844.2,"6,778.82",1.34,0.18,1.7,4.08,"7,630.32",0,2.23,0,0,0,0,0,0,0,0,0,0,0,0,0,0,0,0,2.23,238,0,0,0,0,0,0,0,0,238,240.23,95.27,8.35,55.09,0.14,1.46,70.77,18.19,15.26,13.6,48.35,12.91,339.39, , , , , , , , ,0,0,0,0,,0,,0,,,0,"8,209.94","7,630.32"
 Papua New Guinea,"2,460.02","22,209.77",0,0,0,31.41,"24,701.19",0,0,0,0,0,0,0,0,0,0,0,0,"2,487.30",0,0,0,0,0,"2,487.30",0,0,0,0,0,307.65,0,0,0,307.65,"2,794.95",913.98,7.42,466.46,1.95,325.7,261.38,92.72,23.79,724.18,211.25,0,"3,028.84", , , , , , , , ,0,0,0,0,,0,,0,460.03,,460.03,"30,985.01","24,701.19"
 Paraguay,776.55,"10,074.38",0.64,0.21,1.88,0.72,"10,854.38",0,0,0,0,0,0,0,0,0,0,0,0,0,0,0,0,0,0,0,0,0,0,0,0,0,0,0,0,0,0,38.42,3.28,21.98,0.06,0.61,28.26,7.67,6.3,5.6,19.83,5.34,137.34, , , , , , , , ,0,0,0,0,,0,,0,,,0,"10,991.72","10,854.38"
 Peru,"3,609.84","79,841.35",498.9,12.45,136.58,58.31,"84,157.44",0,0,0,0,0,0,50.33,0,0,0,0,0,0,0,0,0,0,0,50.33,261.41,0,0,0,0,0,0,0,0,261.41,311.74,49.45,4.41,28.49,0.07,0.77,36.62,9.54,7.98,7.11,25.23,6.75,176.41, , , , , , , , ,0,0,0,0,,0,0,0,,,0,"84,645.59","83,819.06"
 Philippines,"3,245.60","887,521.15",259.65,7.49,92.2,"1,906.33","893,032.42",0,35.36,0,0,0,0,0,0,0,0,0,0,0,0,0,0,0,0,35.36,9.77,0,0,0,0,0,0,0,0,9.77,45.13,"1,581.53",11.29,796.18,3.41,564.87,470.63,169.58,43.11,"1,242.07",386.14,0,"5,268.80", , , , , , , , ,0,0,0,0,"5,414.67","5,414.67",,0,,,0,"903,761.02","892,675.71"
 Poland,"2,525.00","23,989.98",0,0,0,2.27,"26,517.25",0,0,0,0,0,0,0,0,0,0,0,0,0,0,0,0,0,0,0,0,0,0,0,0,0,0,0,0,0,0,0,0,0,0,0,0,0,0,0,0,0,0, , , , , , , , ,0,0,0,0,,0,,0,,,0,"26,517.25","26,517.25"
 Portugal,553.11,"5,589.47",2.33,0.66,5.64,0.78,"6,152.00",0,0,0,0,0,0,0,0,0,0,0,0,0,0,0,0,0,0,0,0,0,0,0,0,0,0,0,0,0,0,0,0,0,0,0,0,0,0,0,0,0,0, , , , , , , , ,0,0,0,0,,0,,0,,,0,"6,152.00","6,148.91"
 Puerto Rico,0,0,0,0,0,0,0,0,0,0,0,0,0,0,0,0,0,0,0,0,0,0,0,0,0,0,0,0,0,0,0,0,0,0,0,0,0,27.88,2.57,15.99,0.04,0.44,20.56,5.29,4.54,4.05,14.35,3.84,99.55, , , , , , , , ,0,0,0,0,,0,,0,,,0,99.55,0
 Qatar,0,457.33,0,0,0,0.56,457.89,0,0,0,0,0,0,0,0,0,0,0,0,0,0,0,0,0,0,0,0,0,0,0,0,0,0,0,0,0,0,0.55,0,0.28,0,0.2,0.17,0.06,0.01,0.44,0.14,0,1.85, , , , , , , , ,0,0,0,0,,0,,0,,,0,459.75,457.89
 Republic of Korea,"8,537.43","81,114.08",261.8,8.03,75.66,41.61,"90,038.61",0,0,0,0,0,0,0,0,0,0,0,0,0,0,0,0,0,0,0,2.6,0,0,0,0,0,0,0,0,2.6,2.6,0,0,0,0,0,0,0,0,0,0,0,0, , , , , , , , ,0,0,0,0,,0,,0,,,0,"90,041.21","90,038.61"
 Republic of Moldova,462.56,"10,073.67",336.51,10.97,205.33,59.31,"11,148.35",0,0,0,0,0,0,0,0,0,0,0,0,0,0,0,0,0,0,0,0,0,0,0,0,0,0,0,0,0,0,0,0,0,0,0,0,0,0,0,0,0,0, , , , , , , , ,0,0,0,0,,0,,0,,,0,"11,148.35","10,805.29"
 Romania,791.09,"40,879.15",77.49,8.32,94.6,23.79,"41,874.44",0,0,0,0,0,0,0,0,0,0,0,0,0,0,0,0,0,0,0,0,0,0,0,0,0,0,0,0,0,0,0,0,0,0,0,0,0,0,0,0,0,0, , , , , , , , ,0,0,0,0,,0,,0,,,0,"41,874.44","41,743.83"
 Russia,"24,204.93","445,788.45","16,907.03",684.48,"7,446.15","1,588.09","496,619.13",0,0,0,0,0,0,0,0,0,0,0,0,0,0,0,0,0,0,0,0,0,0,0,0,0,0,0,0,0,0,92.91,6.24,59.11,0.49,28.08,14,0,2.02,77.39,0.14,0,280.37, , , , , , , , ,0,0,0,0,,0,0,0,,,0,"496,899.50","484,036.42"
 Rwanda,"26,849.01","116,827.87",0,0,0,189.33,"143,866.20","39,553.45",0,0,0,0,0,0,0,0,0,0,0,0,0,0,0,0,0,"39,553.45",0,0,0,0,0,0,0,0,0,0,"39,553.45","3,985.96",37.18,"2,070.00",8.43,"1,413.03","1,085.57",377.54,98.32,"3,190.85",860.7,0,"13,127.58", , , , , , , , ,0,0,0,0,181.01,181.01,,0,,,0,"196,728.24","143,866.20"
 Saint Kitts and Nevis,0,0,0,0,0,0,0,0,0,0,0,0,0,0,0,0,0,0,0,0,0,0,0,0,0,0,0,0,0,0,0,0,0,0,0,0,0,0,0,0,0,0,0,0,0,0,0,0,0, , , , , , , , ,0,0,0,0,,0,,0,,,0,0,0
 Saint Lucia,0,182.93,0,0,0,0.22,183.16,0,0,0,0,0,0,0,0,0,0,0,0,0,0,0,0,0,0,0,0,0,0,0,0,0,0,0,0,0,0,17.74,1.59,10.48,0.02,0.26,13.44,3.22,2.69,2.44,8.78,2.27,62.94, , , , , , , , ,0,0,0,0,,0,,0,,,0,246.09,183.16
 Saint Vincent and the Grenadines,0,91.47,0,0,0,0.11,91.58,0,0,0,0,0,0,0,0,0,0,0,0,0,0,0,0,0,0,0,0,0,0,0,0,0,0,0,0,0,0,73.5,5.91,43.41,0.1,1.07,55.68,13.36,11.14,10.12,36.34,9.41,260.04, , , , , , , , ,0,0,0,0,,0,,0,,,0,351.62,91.58
 Samoa,0,274.4,0,0,0,0.34,274.74,0,0,0,0,0,0,0,0,0,0,0,0,0,0,0,0,0,0,0,0,0,0,0,0,0,0,0,0,0,0,0.67,0.01,0.34,0,0.24,0.19,0.07,0.02,0.53,0.15,0,2.22, , , , , , , , ,0,0,0,0,,0,,0,0.3,,0.3,277.25,274.74
 San Marino,0,0,0,0,0,0,0,0,0,0,0,0,0,0,0,0,0,0,0,0,0,0,0,0,0,0,0,0,0,0,0,0,0,0,0,0,0,0,0,0,0,0,0,0,0,0,0,0,0, , , , , , , , ,0,0,0,0,,0,0,0,,,0,0,0
 Sao Tome and Principe,85,470.64,1.88,0.03,0.31,0.3,558.15,0,0,0,0,0,"1,307.50",0,0,0,0,0,0,0,0,0,0,0,0,"1,307.50",0,0,0,0,0,0,0,0,0,0,"1,307.50",25.76,0.27,13.3,0.06,9.09,7.25,2.52,0.67,20.43,5.74,0,85.09, , , , , , , , ,0,0,0,0,5.12,5.12,,0,,,0,"1,955.85",558.15
 Saudi Arabia,732.65,"23,747.43",0,0,0,30.29,"24,510.36",0,0,0,0,0,0,0,0,0,37.4,0,0,0,0,0,0,0,0,37.4,0,0,0,0,0,0,0,0,0,0,37.4,0,0,0,0,0,0,0,0,0,0,0,0, , , , , , , , ,0,0,0,0,,0,0,0,,,0,"24,547.76","24,510.36"
 Senegal,"7,819.84","124,543.82",0,0,0,165.74,"132,529.41","16,893.71",0,0,0,0,"14,033.55",0,0,0,0,0,0,0,0,0,0,0,0,"30,927.25",0,0,0,0,0,0,0,0,0,0,"30,927.25","3,146.74",17.32,"1,585.32",6.35,"1,127.33",927.51,337.26,83.64,"2,481.75",768.07,0,"10,481.29", , , , , , , , ,0,0,0,0,"1,518.82","1,518.82",,0,,,0,"175,456.77","132,529.41"
 Serbia,469.62,"3,965.16",1.17,0.4,3.27,0.52,"4,440.13",0,0,0,0,0,0,0,0,0,0,0,0,0,0,0,0,0,0,0,0,0,0,0,0,0,0,0,0,0,0,0,0,0,0,0,0,0,0,0,0,0,0, , , , , , , , ,0,0,0,0,,0,,0,,,0,"4,440.13","4,438.19"
 Seychelles,2.68,87.66,0,0,0,0.11,90.45,0,0,0,0,0,0,0,0,0,0,0,0,0,0,0,0,0,0,0,0,0,0,0,0,0,0,0,0,0,0,20.85,0.13,10.53,0.04,7.45,6.13,2.22,0.56,16.44,5.06,0,69.41,  -   , ,  -   ,1.54, ,1.87, ,2.47,0,1.54,4.33,5.87,,0,0,0,,,0,165.73,90.45
 Sierra Leone,"7,505.83","73,493.69",0,0,0,102.82,"81,102.35","335,484.14",0,0,0,0,"255,568.34",0,0,0,0,0,0,0,0,0,0,0,0,"591,052.48",0,0,0,0,0,0,0,0,0,0,"591,052.48","2,142.09",14.53,"1,076.17",4.6,765.23,641.28,231.94,58.72,"1,680.39",528.09,0,"7,143.04", , , , , , , , ,0,0,0,0,7.73,7.73,,0,,,0,"679,305.60","81,102.35"
 Singapore,45.82,"2,228.41",0,0,0,0,"2,274.23",0,0,0,0,0,0,0,0,0,0,0,0,0,0,0,0,0,0,0,0,0,0,0,0,0,0,0,0,0,0,7.35,0.02,3.64,0.01,2.65,2.25,0.83,0.2,5.75,1.9,0,24.61, , , , , , , , ,0,0,0,0,,0,,0,,,0,"2,298.84","2,274.23"
 Sint Maarten (Dutch part),0,0,0,0,0,0,0,0,0,0,0,0,0,0,0,0,0,0,0,0,0,0,0,0,0,0,0,0,0,0,0,0,0,0,0,0,0,0,0,0,0,0,0,0,0,0,0,0,0, , , , , , , , ,0,0,0,0,,0,,0,,,0,0,0
 Slovakia,0,"1,448.01",1.05,0.41,3.2,1.01,"1,453.67",0,0,0,0,0,0,0,0,0,0,0,0,0,0,0,0,0,0,0,0,0,0,0,0,0,0,0,0,0,0,0,0,0,0,0,0,0,0,0,0,0,0, , , , , , , , ,0,0,0,0,,0,,0,,,0,"1,453.67","1,453.67"
 Slovenia,3.68,543.58,0,0,0,0.67,547.93,0,0,0,0,0,0,0,0,0,0,0,0,0,0,0,0,0,0,0,0,0,0,0,0,0,0,0,0,0,0,0,0,0,0,0,0,0,0,0,0,0,0, , , , , , , , ,0,0,0,0,,0,,0,,,0,547.93,547.93
 Solomon Islands,0,"3,933.08",0,0,0,4.81,"3,937.89",42.44,0,0,0,0,0,0,0,0,0,0,0,0,0,0,0,0,0,42.44,0,0,0,0,0,36.48,0,0,0,36.48,78.92,1.93,0.02,0.99,0,0.68,0.55,0.19,0.05,1.53,0.44,0,6.39, , , , , , , , ,0,0,0,0,,0,0,0,,,0,"4,023.20","3,937.89"
 Somalia,"5,484.99","270,667.33",34.93,0.5,11.87,"1,048.24","277,247.87",0,0,0,0,0,0,0,0,"11,157.99",0,0,0,0,0,0,0,0,0,"11,157.99",0,0,0,0,0,0,0,0,0,0,"11,157.99",308.71,2.13,154.27,0.68,110.19,94.15,34.16,8.69,240.98,77.77,0,"1,031.74", , , , , , , , ,0,0,0,0,"2,307.69","2,307.69",0,0,,,0,"291,745.28","277,247.87"
 South Africa,"399,432.35","353,271.47",0,0,0,"1,124.55","753,828.37","2,056.23",0,0,0,0,0,0,0,0,0,0,0,0,0,0,0,920.39,943.03,"5,783.05",0,0,0,0,0,0,0,0,0,0,"5,783.05","768,026.34","8,452.99","398,026.18","1,753.40","270,683.42","213,808.73","73,825.01","19,773.75","610,577.39","168,245.81",0,"2,533,173.01",  -   ,  -   , ,"1,466.68","1,183.57",938.56,"1,173.06", ,0,"2,650.25","2,111.62","4,761.87",,0,,0,,,0,"3,297,546.30","753,828.37"
South Sudan,"4,254.29","90,633.64","1,733.74",42.5,802.47,48.01,"97,514.65",0,0,0,0,0,"59,612.27",0,0,0,0,0,0,0,0,0,0,0,0,"59,612.27",0,0,0,0,0,0,0,0,0,0,"59,612.27","1,883.66",22.38,960.37,4.64,665.19,552.08,191.88,52.18,"1,477.39",437,0,"6,246.77", , , , , , , , ,0,0,0,0,601.65,601.65,,0,,,0,"163,975.33","97,514.65"
 Spain,584.29,"11,541.96",0,0,0,0.3,"12,126.54",0,0,0,0,0,0,0,0,0,0,0,0,0,0,0,0,0,0,0,0,0,0,0,0,0,0,0,0,0,0,145.14,0.33,72.02,0.27,52.43,44.05,16.44,3.92,114.01,37.43,0,486.05, , , , , , , , ,0,0,0,0,,0,0,0,,,0,"12,612.60","12,126.54"
 Sri Lanka,254.43,"45,033.56",0.3,0.18,1.44,1.41,"45,291.32",0,0,0,0,0,0,0,0,0,0,0,0,0,0,0,0,0,0,0,0,0,0,0,0,0,0,0,0,0,0,37.25,0.32,18.92,0.08,13.2,10.95,3.9,1.01,29.3,8.89,0,123.82, , , , , , , , ,0,0,0,0,,0,,0,,,0,"45,415.13","45,290.68"
 Sudan,"4,254.29","90,633.64",15.42,0.38,7.14,48.01,"94,958.87",0,0,0,0,0,0,0,0,"9,184.04",0,0,0,0,0,0,0,0,0,"9,184.04",0,0,0,0,0,490.61,0,0,0,490.61,"9,674.65",859.6,13.65,446.04,2.29,300.49,243.08,81.23,23.43,677.22,185.08,0,"2,832.11", , , , , , , , ,0,0,0,0,484.62,484.62,0,0,,0.02,0.02,"107,950.27","94,958.87"
 Suriname,102.05,495.39,0,0,0,0.78,598.22,0,7.91,0,0,0,0,0,0,0,0,0,0,0,0,0,0,0,0,7.91,9.99,0,0,0,0,0,0,0,0,9.99,17.89,106.4,26.55,61.21,0.16,1.66,78.7,20.66,17.18,15.35,54.53,14.55,396.94, , , , , , , , ,0,0,0,0,,0,,0,,,0,"1,013.05",598.22
 Swaziland,"28,430.81","14,191.21",125.65,8.04,91.83,95.43,"42,942.97",0,0,0,0,0,0,0,0,0,0,0,0,0,0,0,"3,261.60",0,0,"3,261.60",0,0,0,0,0,0,0,0,0,0,"3,261.60","6,115.53",36.43,"3,118.53",12.04,"2,187.02","1,738.32",625.64,155.38,"4,864.18","1,425.48",0,"20,278.55",  -   ,  -   , ,197.14,159.08,26.62,45.75, ,0,356.22,72.37,428.59,,0,,0,,,0,"66,911.71","42,942.97"
 Sweden,149.09,"1,416.49",1.39,0.33,2.67,0.35,"1,570.31",0,0,0,0,0,0,0,0,0,0,0,0,0,0,0,0,0,0,0,0,0,0,0,0,0,0,0,0,0,0,0,0,0,0,0,0,0,0,0,0,0,0, , , , , , , , ,0,0,0,0,,0,,0,,,0,"1,570.31","1,570.31"
 Switzerland,118.25,"1,123.47",0,0,0,0.56,"1,242.27",0,0,0,0,0,0,0,0,0,0,0,0,0,0,0,0,0,0,0,0,0,0,0,0,0,0,0,0,0,0,0,0,0,0,0,0,0,0,0,0,0,0, , , , , , , , ,0,0,0,0,,0,,0,,,0,"1,242.27","1,242.27"
 Syrian Arab Republic,16.25,"4,083.90",0.15,0.02,0.21,2.37,"4,102.90",0,0,0,0,0,0,0,0,0,0,0,0,0,0,0,0,0,0,0,0,0,0,0,0,0,0,0,0,0,0,0,0,0,0,0,0,0,0,0,0,0,0, , , , , , , , ,0,0,0,0,,0,,0,,,0,"4,102.90","4,102.90"
 Tajikistan,490.9,"32,172.05",394.74,15.09,146.35,47.13,"33,266.27",0,0,0,0,0,0,0,0,0,0,0,0,0,0,0,0,0,0,0,196.61,0,0,0,0,0,0,0,0,196.61,196.61,60.93,0.44,30.73,0.13,21.66,18.21,6.57,1.68,47.8,14.96,0,203.11, , , , , , , , ,0,0,0,0,,0,,0,,,0,"33,665.99","33,266.27"
 Tanzania,"241,621.19","577,068.33",38.99,2.36,29.16,195.08,"818,955.11","691,728.98",0,0,0,0,0,0,0,0,0,0,0,0,0,0,0,0,0,"691,728.98",0,0,0,0,0,0,0,0,0,0,"691,728.98","8,888.69",91.94,"4,564.26",20.31,"3,145.59","2,530.87",882.85,234.25,"7,033.40","2,011.47",0,"29,403.62", , , , , , , , ,0,0,0,0,"9,013.53","9,013.53",,0,,,0,"1,549,101.25","818,955.11"
 Thailand,"22,250.51","179,312.92",39.84,6.36,71.17,61.01,"201,741.81",0,0,0,0,0,0,"1,337.75",0,0,0,0,0,0,0,0,0,0,0,"1,337.75",0,0,0,0,0,0,0,0,0,0,"1,337.75","15,617.89",34.17,"7,822.36",27.66,"5,650.85","4,583.73","1,702.54",401.86,"12,375.22","3,877.72",0,"52,094.01", , , , , , , , ,0,0,0,0,,0,0,0,,,0,"255,173.57","201,692.55"
 The Former Yugoslav Republic of Macedonia,0,"1,367.53",0,0,0,0.8,"1,368.33",0,0,0,0,0,0,0,0,0,0,0,0,0,0,0,0,0,0,0,0,0,0,0,0,0,0,0,0,0,0,0,0,0,0,0,0,0,0,0,0,0,0, , , , , , , , ,0,0,0,0,,0,,0,,,0,"1,368.33","1,368.33"
 Timor-Leste,29.97,"4,988.14",0,0,0,6.15,"5,024.25","50,224.71",0,0,0,0,0,0,0,0,0,0,0,0,0,0,0,0,0,"50,224.71",0,0,0,0,0,0,0,0,0,0,"50,224.71",109.16,1.14,55.89,0.25,38.57,31.49,11.02,2.93,86.09,25.1,0,361.65, , , , , , , , ,0,0,0,0,,0,,0,105.89,,105.89,"55,716.50","5,024.25"
 Togo,"6,392.09","36,054.34",10.12,0.51,6.85,138.65,"42,602.55",0,0,0,0,0,0,0,0,0,0,0,0,0,0,0,0,0,0,0,"8,987.95","7,703.81","8,338.07","1,835.09","4,063.14","8,987.95",0,"4,261.77","9,035.50","53,213.27","53,213.27","2,842.67",31.44,"1,463.87",6.61,"1,003.69",805.79,279.33,74.91,"2,250.02",636.45,0,"9,394.80", , , , , , , , ,0,0,0,0,450.97,450.97,,0,,,0,"105,661.58","42,602.55"
 Tokelau,0,0,0,0,0,0,0,0,0,0,0,0,0,0,0,0,0,0,0,0,0,0,0,0,0,0,0,0,0,0,0,0,0,0,0,0,0,0,0,0,0,0,0,0,0,0,0,0,0, , , , , , , , ,0,0,0,0,,0,,0,,,0,0,0
 Tonga,0,91.47,0,0,0,0.11,91.58,0,0,0,0,0,0,0,0,0,0,0,0,0,0,0,0,0,0,0,0,0,0,0,0,0,0,0,0,0,0,0.37,0,0.19,0,0.13,0.11,0.04,0.01,0.29,0.09,0,1.23, , , , , , , , ,0,0,0,0,,0,,0,,,0,92.81,91.58
 Trinidad and Tobago,192.38,996.63,3.16,0.51,5.46,1.66,"1,199.81",0,0,0,0,0,0,0,0,0,0,0,0,0,0,0,0,0,0,0,0,0,0,0,0,0,0,0,0,0,0,57.61,5.28,33.03,0.09,0.91,42.47,10.93,9.38,8.36,29.64,7.95,205.65, , , , , , , , ,0,0,0,0,,0,,0,,,0,"1,405.46","1,199.81"
 Tunisia,80.09,"5,123.22",3.67,0.05,0.8,0.7,"5,208.52",0,0,0,0,0,0,0,0,0,0,0,0,0,0,0,0,0,0,0,0,0,0,0,0,0,0,0,0,0,0,16.1,0.03,7.94,0.03,5.82,4.98,1.87,0.45,12.59,4.26,0,54.05, , , , , , , , ,0,0,0,0,,0,,0,,,0,"5,262.57","5,208.52"
 Turkey,109.46,"42,514.47",56.29,9.05,96.51,16.13,"42,801.90",0,0,0,0,0,0,0,0,0,0,0,0,0,0,0,0,0,0,0,137.63,0,0,0,0,0,0,0,0,137.63,137.63,0,0,0,0,0,0,0,0,0,0,0,0, , , , , , , , ,0,0,0,0,,0,,0,,,0,"42,939.53","42,801.90"
 Turkmenistan,"2,345.16","22,281.36",0,0,0,31.29,"24,657.82",0,0,0,0,0,0,0,0,0,0,0,0,0,0,0,0,0,0,0,0,0,0,0,0,0,0,0,0,0,0,0,0,0,0,0,0,0,0,0,0,0,0, , , , , , , , ,0,0,0,0,,0,0,0,,,0,"24,657.82","24,657.82"
 Turks and Caicos Islands,0,0,0,0,0,0,0,0,0,0,0,0,0,0,0,0,0,0,0,0,0,0,0,0,0,0,0,0,0,0,0,0,0,0,0,0,0,0,0,0,0,0,0,0,0,0,0,0,0, , , , , , , , ,0,0,0,0,,0,,0,,,0,0,0
 Tuvalu,0,0,0,0,0,0,0,0,0,0,0,0,0,0,0,0,0,0,0,0,0,0,0,0,0,0,0,0,0,0,0,0,0,0,0,0,0,0,0,0,0,0,0,0,0,0,0,0,0, , , , , , , , ,0,0,0,0,,0,,0,  -   ,,0,0,0
 Uganda,"237,589.67","370,334.46",150.19,12.94,162.28,340.93,"608,590.46","706,902.36",0,0,0,0,0,0,0,0,0,0,0,0,0,0,0,0,0,"706,902.36",0,0,0,0,0,0,0,0,0,0,"706,902.36","61,224.52",936.13,"32,417.84",152.27,"21,307.36","16,252.18","5,352.86","1,535.05","48,982.56","12,207.55",0,"200,368.32", , , , , , , , ,0,0,0,0,"6,172.99","6,172.99",,0,,,0,"1,522,034.13","608,590.46"
 Ukraine,"23,280.85","135,248.24","8,077.61",369.02,"3,841.22",384.31,"171,201.25",0,0,0,0,0,0,0,0,0,0,0,0,0,0,0,0,0,0,0,0,0,0,0,0,0,0,0,0,0,0,0,0,0,0,0,0,0,0,0,0,0,0, , , , , , , , ,0,0,0,0,,0,0,0,,,0,"171,201.25","171,201.25"
 United Arab Emirates,62.04,"2,290.06",0,0,0,2.91,"2,355.01",0,0,0,0,0,0,0,0,0,0,0,0,0,0,0,0,0,0,0,0,0,0,0,0,0,0,0,0,0,0,11.87,0.04,5.92,0.02,4.27,3.57,1.32,0.32,9.33,3,0,39.66, , , , , , , , ,0,0,0,0,,0,,0,,,0,"2,394.67","2,355.01"
 United Kingdom of Great Britain and Northern Ireland,329.67,"11,842.12",4.97,1.9,14.97,1.75,"12,195.37",0,0,0,0,0,0,0,0,0,0,0,0,0,0,0,0,0,0,0,0,0,0,0,0,0,0,0,0,0,0,0,0,0,0,0,0,0,0,0,0,0,0, , , , , , , , ,0,0,0,0,,0,,0,,,0,"12,195.37","12,195.37"
 United States,"1,315.93","26,578.02",10.72,4.37,37.04,34.76,"27,980.85",0,0,0,0,0,0,0,0,0,0,0,0,0,0,0,0,0,0,0,0,0,0,0,0,0,0,0,0,0,0,916.44,85.17,525.5,1.38,14.44,675.82,173.8,149.02,132.98,471.83,126.23,"3,272.62", , , , , , , , ,0,0,0,0,,0,,0,,,0,"31,253.47","27,980.85"
 Uruguay,175.71,"1,488.42",0,0,0,2.12,"1,666.25",0,0,0,0,0,0,0,0,0,0,0,0,0,0,0,0,0,0,0,0,0,0,0,0,0,0,0,0,0,0,502.77,43.08,297.06,0.7,7.29,381.05,91.3,75.99,69.26,248.82,64.14,"1,781.45", , , , , , , , ,0,0,0,0,,0,,0,,,0,"3,447.70","1,666.25"
 US Virgin Islands,0,0,0,0,0,0,0,0,0,0,0,0,0,0,0,0,0,0,0,0,0,0,0,0,0,0,0,0,0,0,0,0,0,0,0,0,0,0,0,0,0,0,0,0,0,0,0,0,0, , , , , , , , ,0,0,0,0,,0,,0,,,0,0,0
 Uzbekistan,"3,072.86","93,744.06","1,752.87",53.6,"1,039.01",429.27,"100,091.65",0,0,0,0,0,0,0,0,0,0,0,0,0,0,0,0,0,0,0,0,0,0,0,0,0,0,0,0,0,0,123.39,0.23,60.78,0.23,44.57,38.29,14.39,3.42,96.4,32.74,0,414.45, , , , , , , , ,0,0,0,0,,0,0,0,,,0,"100,506.10","98,687.70"
 Vanuatu,0,"1,372.00",0,0,0,1.68,"1,373.68",20.8,0,0,0,0,0,0,0,0,0,0,0,0,0,0,0,0,0,20.8,0,0,0,0,0,46.68,0,0,0,46.68,67.48,17.72,0.19,9.1,0.04,6.27,5.04,1.75,0.47,14.02,4,0,58.6, , , , , , , , ,0,0,0,0,,0,,0,,,0,"1,499.76","1,373.68"
 Venezuela,"1,861.33","20,955.98",5.62,0.19,1.91,28.83,"22,853.87",0,0,0,0,0,0,0,498.15,0,0,0,0,0,0,0,0,0,0,498.15,971.27,0,0,0,0,0,0,0,0,971.27,"1,469.42",671.78,58.05,396.85,0.93,9.75,509.1,120.46,101.5,92.61,332.71,85.67,"2,379.40", , , , , , , , ,0,0,0,0,45.63,45.63,,0,,,0,"26,748.32","22,853.87"
 Viet Nam,"13,870.92","297,009.76",68.88,1.93,28.45,754.82,"311,734.75",0,0,0,0,0,0,0,0,0,0,0,0,0,0,0,0,69.85,71.245,282.19,201.98,0,0,0,0,0,0,0,0,201.98,484.17,0,0,0,0,0,0,0,0,0,0,0,0, , , , , , , , ,0,0,0,0,,0,,0,,,0,"312,218.92","311,637.03"
 Wallis and Futuna Islands,0,0,0,0,0,0,0,0,0,0,0,0,0,0,0,0,0,0,0,0,0,0,0,0,0,0,0,0,0,0,0,0,0,0,0,0,0,0,0,0,0,0,0,0,0,0,0,0,0, , , , , , , , ,0,0,0,0,,0,0,0,,,0,0,0
 West Bank and Gaza Strip,0,0,0,0,0,0,0,0,0,0,0,0,0,0,0,0,0,0,0,0,0,0,0,0,0,0,0,0,0,0,0,0,0,0,0,0,0,0,0,0,0,0,0,0,0,0,0,0,0, , , , , , , , ,0,0,0,0,,0,0,0,,,0,0,0
 Yemen,"2,035.08","96,096.63",9.48,0.31,4.11,21.4,"98,167.02",0,0,0,0,0,0,0,0,"4,237.17",0,0,0,0,0,0,0,0,0,"4,237.17",41.84,0,0,0,0,0,0,0,0,41.84,"4,279.02",72.14,0.14,35.49,0.14,26.05,22.48,8.45,2.01,56.3,19.24,0,242.44, , , , , , , , ,0,0,0,0,326.14,326.14,0,0,,,0,"103,014.61","98,162.39"
 Zambia,"34,700.02","329,684.57",0,0,0,463.03,"364,847.62","303,006.87",0,0,0,0,0,0,0,0,0,0,0,0,0,0,0,0,0,"303,006.87",0,0,0,0,0,0,0,0,0,0,"303,006.87","53,227.01",690.27,"28,003.60",124.65,"18,629.94","14,265.52","4,802.81","1,326.16","42,598.71","10,951.23",0,"174,619.91", , , , , , , , ,0,0,0,0,  -   ,0,0,0,,3.05,3.05,"842,477.45","364,847.62"
 Zimbabwe,"188,512.41","108,849.28",0,0,0,460.01,"297,821.71","43,666.23",0,0,0,0,0,0,0,0,0,0,0,0,0,0,0,0,0,"43,666.23",0,0,0,0,0,0,0,0,0,0,"43,666.23","47,051.00",455.64,"24,313.58",103.07,"16,645.51","13,111.39","4,573.13","1,200.02","37,450.06","10,422.05",0,"155,325.46", , , , , , , , ,0,0,0,0,  -   ,0,0,0,,0,0,"496,813.40","297,821.71"
